sseqid,start location,end location,strand,percent identity,full length of feature in db,length of found feature,percent match length,fragment,database,Feature,Type,Description,sequence
Q6QGD2,0,1314,1,96.1,1314,1314,100,FALSE,swissprot,TERL_BPT5,CDS,"Experimental evidence at protein level: Swiss-Prot protein existence level 1. The terminase large subunit acts as an ATP driven molecular motor necessary for viral DNA translocation into empty capsids and as an endonuclease that cuts the viral genome to initiate and to end a packaging reaction The terminase lies at a unique vertex of the procapsid and is composed of two subunits, a small terminase subunit involved in viral DNA recognition (packaging sequence), and a large terminase subunit possessing endonucleolytic and ATPase activities. Both terminase subunits heterooligomerize and are docked on the portal protein to form the packaging machine. The terminase large subunit exhibits endonuclease activity and cleaves the viral genome concatemer. Once the capsid is packaged with the DNA, the terminase complex is substituted by the tail. From Escherichia phage T5 (Enterobacteria phage T5).",ATGAAAGTCTCTAGAGATTATATTAACACCACAGATGTTATTGACTTTGGTATTGACAAACGATTTTTCCGTCTGCCGGTCTCTAGCATTCTAGCTCAAGAGGGGATTACACCTAATGCCCCTCAGATTGCAATCATTAATGCGCTGGAAGACCCAAGACACCGCTTCGTGACTGCATGTGTATCACGTCGTGTAGGTAAGTCATTCATCGCATATACACTTGGGTTCCTAAAACTTCTGGAACCCAATGTGAAGGTGCTGGTAGTTGCACCTAACTACTCACTGGCTAACATAGGTTGGTCACAGATTCGTGGTCTTATTAAGAAGTATGGATTACAGACTGAACGTGAGAACGCAAAAGATAAAGAGATTGAACTAGCGAATGGTTCTCTCTTTAAGCTGGCTTCTGCGGCGCAGGCTGACTCCGCGGTTGGTCGTTCGTATGACTTCATCATCTTTGACGAAGCAGCGATTTCCGATGTTGGTGGTGCAGCTTTCGATATTCAGTTACGTCCTACCCTAGATAAGCCAAACTCTAAAGCTCTATTTATCTCTACTCCTCGTGGGGGTAACTGGTTCAAAGAGTTCTATGAGAAAGGATTTAACGAAACGCTACCTAACTGGGTATCTATTCATGGTACATATCGTGATAACCCACGTGCTGACCTGAACGATATCGAAGAAGCGCGTCGTACTGTTAGTAAAAACTATTTCCGTCAAGAATATGAGGCTGACTTCTCCGTATTCGAAGGTCAGATCTTTGATACCTTCAATGCTATCGAGCACGTTAAAGACCTCAAAGGTATGCGTCACTTCTTTAAAGATGATGAAGCATTCGAAACGTTGCTTGGTATTGACGTTGGTTATCGTGATCCTACAGCAGTTCTTACTATCAAGTATCACTATGATACTGATGTTTATTACGTATTAGAAGAGTATCAACAGGCTGAAAAGACTACAGCTCAACACGCTGCTTACATACAGCACTGTATAGATCGTTATAAAGTTGATCGTATTTTTGTTGACTCTGCAGCAGCTCAGTTCCGCCAGGACTTAGCTTATGAGCATGAAATCGCTTCTGCTCCCGCTAAGAAATCTGTCCTAGATGGTTTGGCATGCCTGCAAGCACTGTTCCAGCAAGGTAAGATCATCGTAGATGCTTCATGTACCTCACTGATCCACGCCCTAGCGAACTACAAGTGGGACTTCCAGGAAGGCGAAGAGAAATTATCACGTGAAAAACCACGTCATGATGCGAACTCTCACCTTTGTGACGCGCTGCGTTATGGAATTTACTCAATTTCCCGTGGGAAA
Q6QGD3,1473,2160,1,98.7,831,687,82.67148014,TRUE,swissprot,ENDO1_BPT5,CDS,Experimental evidence at transcript level: Swiss-Prot protein existence level 2. Putative endonuclease. From Escherichia phage T5 (Enterobacteria phage T5).,GGTGTAGGAGATTCTATGGGTCGACAAAAGCTAACAATAAAAGATATAAATATTAGATTAGCTGATCGTGGAATCCAAATTGTCGGTGAATATGTAAACCAACGTACAAAAACAGTATTTAAATGCCAGAGAGCACACGTTTGGGAAGCAACACCACATTCTATACTCCATATGAGGAGAGGTTGTCCACACTGCTCCAATAATACAATATCGTTAGATGAAGTTAGTAATAGAATATCTAATATAGGGTATACTCTGTTAAGCAGCTATACTAATGCTAAAACAAAACTACATCTACGCTGCAATAATGGGCATGACTGTTTCATTACCTTAGATGGATTGACTCAAGGTAAGAGATGTCCTTATTGTTCTCTTAAGTGGGAGAATGGCGGATTCCTCTATATCATGTCCTCCTCTAGCGGTACTAAAGTAGGCATAAGCTTATACCCTGAGAAACGGCTGAATGAAGTTAAAAGAGAATCTGGATTTTCTGACCTATACTTGTTCACCATGTATCATCTGCCAGATAGAGAGACTGCTTTAGATTTAGAAAAGGAAGTTCACAGAGAATATTTTAATAAAAACTGTGGGTTTTCTAATTTTACAGGAAGCACGGAATTTTTTAATGTTGCTCCTGAGGATATAGTAATCTTTCTAAGTAGCTTTGGATTGGAGGAGTATGGCCAC
Q6QGD4,2152,2587,1,97.9,435,435,100,FALSE,swissprot,ENDON_BPT5,CDS,Experimental evidence at transcript level: Swiss-Prot protein existence level 2. Endonuclease responsible for the single-chain interruptions (nicks) located at specific positions in the minus strand of the viral genome. From Escherichia phage T5 (Enterobacteria phage T5).,ATGGCCACTAATACTAAGTACAAACGTGATGCCATTTCCATAATGAGAGATGGTATAAAATCTAGGTATAGTAAGGATGGTTGCTGTGCTATATGTGGTAGTAGTGAAGACCTAGAACTTCATCACTATCATACTATATCTCAGCTAATAAAAAAATTTGCTAAAGAACTCCAGCTGGATTTCACTGATGAGAATATCGTCCTTTCAAATAGGGAAGCATTCTACAAGAAATATGAGCATGAGTTAGTTAGGGACGTGGTAACATTGTGCCAGCACCATCACCAACTACTACATAAGGTGTACACTAAAGAACCTCCCCTTTTCTCTGCTAATAAGCAGAAGGCATGGGTTCTTAAACAAAAGGAAAAGCTACAGAATCCTCAAGAAAAGACACAAGTCAAGACTGAAACTAAATCAGGATTCGCAAGGTTCTTA
Q6QGD5,2589,3798,1,96.8,1209,1209,100,FALSE,swissprot,PORTL_BPT5,CDS,"Experimental evidence at protein level: Swiss-Prot protein existence level 1. Forms the portal vertex of the capsid and plays a role in governing correct capsid geometry (PubMed:26616586). This portal plays critical roles in capsid assembly, genome packaging, head completion protein attachment, and genome ejection (By similarity). The portal protein multimerizes as a single ring-shaped homododecamer arranged around a central channel (By similarity). Binds to the terminase subunits to form the packaging machine (By similarity). From Escherichia phage T5 (Enterobacteria phage T5).",ATGGGTTTAAAAAGCTGGATTACTGAAAAGCTAAATCCGGGTCAACGTATTATAAGAGACATGGAACCCGTTAGTCATCGCACTAACCGTAAGCCATTTACCACTGGACAAGCCTACAGTAAGATTGAGATTCTCAACCGAACTGCTAACATGGTTATCGATAGTGCGGCGGAGTGTTCTTATACTGTCGGAGATAAATATAATATTGTCACGTACGCTAACGGCGTCAAGGCAAAGACTCTAGACACTCTCTTAAATGTACGACCTAATCCATTCATGGATATAAGCACATTCCGTAGACTTGTAGTCACTGACCTACTTTTTGAAGGTTGTGCATACATCTATTGGGATGGCACAGCACTTTATCATGTCCCTGCTGCACTAATGCAAGTAGAGGCAGATGCCAATAAGTTTATCAAAAAATTCATATTTAATAACCAGATAGACTATCGCGTAGATGAGATTATCTTTATAAAGGATAACAGTTACGTGTGTGGCACAAACTCCCAAATTTCTGGACAATCTCGTGTTGCTACAGTTATTGACTCTCTTGAGAAGCGTTCTAAAATGCTTAACTTTAAAGAGAAGTTCCTCGATAACGGCACAGTGATTGGTCTTATTCTTGAGACGGATGAAATCCTGAACAAGAAATTGCGTGAGCGTAAACAAGAAGAATTACAACTCGATTATAATCCTAGTACGGGTCAGTCTACTGTCCTGATTCTAGATGGTGGTATGAAAGCAAAACCGTACTCCCAAATATCCTCTTTTAAAGATCTAGACTTCAAGGAAGATATCGAAGGATTTAATAAATCCATCTGTCTTGCCTTTGGTGTTCCGCAAGTGTTACTTGATGGTGGTAATAATGCTAACATTCGACCAAACATCGAATTGTTCTATTACATGACTATCATTCCTATGCTGAACAAGCTGACTAGTTCTCTTACTTTCTTCTTTGGCTACAAGGTTACTCCTAATACTAAGGAAGTAGCTGCACTGACGCCAGATAAAGAAGCTGAGGCTAAACATTTAACCTCTTTGGTTAATAATGGTATCATGACTGGTAATGAGGCTCGACAAGAGCTGAACCTGGAACCTTTAGATGATGAGCAGATGAATAAGATTCGTATTCCTGCTAACATTGCTGGTTCTGCAACAGGTGTATCTGGTCAAGAAGGTGGTAGACCGCAAGGCACTGCCGATGGGGAT
Q6QGJ4,3075,3606,1,94.9,531,531,100,FALSE,swissprot,frd,CDS,FRD_BPT5 - Also known as B3-frd From Escherichia phage T5 (Enterobacteria phage T5).,ATGATTACAGCAATGTATGCAGTTGGGCCGAATGGGGAGTTCGGCCTCCGCGGTAAACTTCCATGGGGTTCCTTCAAAGAAGAACTAGACGCTTTCTATTCTCAACTGGACGTGTTGAATCCAGATAACATCATCATTGGTGCGGGCACTTATTTAGCACTTCCAGAAGTTGTTCGGCAACGTATGATTGGAGAATCTGACCTCTTTATTCGTGCGGATCGTCCTCTGCCAGACGATATTACACACGATATTTACACTCCCATATCAAGGATAGGTGATACACTACCTACTTTCCTAAAAGATCAGCAAACAGTAGTTCTAGGCGGAGCTAATCTTCTCCTAGAAATGTACCAGCATGGGCATATAGAAAGTGCTTTTGTATCTACAATCTTTAGTGAGCAGAAGCTAGAGGCAGATGTACATCTGGATAATACGATTCTAGATTACAACTATGAATCTACTCGTTTAGTTTACGCAACTGGCGCAAACAGTGATAACAGCCTGCGATTTGTACAGGAATTGGTTACTTAT
B0FIH7,3295,3463,1,64.3,2166,168,7.756232687,TRUE,swissprot,FIB11_BPE32,CDS,Protein predicted: Swiss-Prot protein existence level 4. Probable tail fiber protein. From Escherichia phage Phieco32 (Escherichia coli phage phi32).,ATGTCACGTAATTTAATGCCAAAAAGTGGGGCTATGGCCCCTTATGTTGTAGTTAATAGAGACGCCGCGGTTGCCGGCGTTTTCTCTGTTGATGGAGAAGCTGGTGCTGTTGTACTAACTTCTAAATACCTTCAATTGTCTAAATATGCTGTTGATAAGGCTGCTACT
A8FSC3,3608,4460,1,67.6,849,852,99.64664311,FALSE,swissprot,thyA,CDS,"TYSY_SHESH - Protein inferred from homology: Swiss-Prot protein existence level 3. Catalyzes the reductive methylation of 2'-deoxyuridine-5'- monophosphate (dUMP) to 2'-deoxythymidine-5'-monophosphate (dTMP) while utilizing 5,10-methylenetetrahydrofolate (mTHF) as the methyl donor and reductant in the reaction, yielding dihydrofolate (DHF) as a by- product. This enzymatic reaction provides an intracellular de novo source of dTMP, an essential precursor for DNA biosynthesis. From Shewanella sediminis (strain HAW-EB3).",ATGGATCAGTATATCGAAGTTGGAAAACGTATTCTATCAGAGGGTCAGTGGGTAACGAATCCTAGAACAGGGGTTCGTTGCCTCACTATTATTGACGCAGACTTTACTTTTAACGTAGGTGCAGGGGAATTCCCCCTTATTACTACTCGTAAGGCGTTTGCAAAACAAGCAATAATGGAAATGATTGGGTATCTACGCGGGTATGATTCAGCAGCACAATTCCGCGCTATTGGTGTTAACACATGGAATGCTAATGCAAATGAAAACTTAGCTTGGTTAGACAATCCATACCGTAAAGGGGAGGATGATATGGGACGAGTCTATGGTGTTCAAGGACGTCAGTGGACTAATTCCGATGGTCTTATGTTTGACCAACTAGCCAAGATTTATCATAATCTGAAAAAGGGCATTGATGATCGTGGAGAAATTCTAACCTTCTGGAATCCGGGAGAGTTCTCAAAGGGTTGCTTACGTCCATGTATGCACACTCATCAGTTCTCTATTTTGGGAGATACATTATATCTGAACTCTTTCCAGAGATCTAATGACTTCCTGTTAGGCCAAGTATTTAACATGGTTCAGTGCTATACGCTTCTAGCATTAATGGCACAGATTACAGGCCTTAAACCAGGAATTGCACGCCAGAAGATTATCAATCTTCATATCTATGAGGATCAGTATAACGTTTTGATGGAGCATAAGCAATTCGATCGTGAACCTTTTGCACCTCCTACTCTAGAAATCAATCCAAATATCCGAACTCTGGAGGATGTATTGACCTGGGTAAGCAAGGATGATTTTACTGTTCGTGGTTACGAACACCATCCTGCTATTGCATATCCATTCACTGTG
Q6QGD6,3803,4271,1,60.9,492,468,95.12195122,FALSE,swissprot,N5,CDS,DECO_BPT5 - Experimental evidence at protein level: Swiss-Prot protein existence level 1. Decoration protein that binds asymmetrically to the center of each capsid protein hexamer after capsid expansion. Stabilizes the capsid and protects from DNA release. From Escherichia phage T5 (Enterobacteria phage T5).,ATGATTGATTATGATGGTCTAAAGGCCATTTTTGGTGAAAAGCTGCCAGAATCTCATATCTTCTTTGCTACGGTTGCAGCACACAAGCTCATTCCAAACTACGCTACTCTACGTAAAGAGTTTGGAATGACCACTGCACATACCAACCGCAAGGTTTGGAATAAGTTCAAAGAAGCATACGAAGTTACTGCACCGGTTGTTCCGGCTCTAGCTTTCACAGAGAATCTGGCTAAAACTCTAGCTGTTGATACTGGTGCAGCAATTAATCTGGGCGTAACAGTTACTGGTGGTACTGCACCATATACTTATGCTTGGACTAAAGACGGTTCTCCACTAAGTGGTGTTACTGGCCCTAATTTCAACAAAGCTACAGCTGCTGCAGAAGACGCTGGTACTTACAAAGTTGTTGTAACGGATAGTAAATCTACTTCCATTACTTCTAATGAGTGTGTAACAACTATCAACCCT
Q6QGD7,4289,4919,1,98.1,630,630,100,FALSE,swissprot,PRO_BPT5,CDS,"Experimental evidence at protein level: Swiss-Prot protein existence level 1. Serine protease involved in capsid assembly and maturation. Cleaves the major capsid protein, the decoration protein, the portal protein to yield mature procapsids competent for DNA packaging (Probable). Acts as a trigger for assembly of the capsid protein. From Escherichia phage T5 (Enterobacteria phage T5).",ATGACAAATGCTGCTATTGACTATAACAAGTTAAAATCAGCACCGGTTCATTTAGACGCTTACATTAAGTCTATTGATAGCGAATCCAAAGAGGGTGTTGTAAAAATCCGTGGATTCGCTAATACAATTAGTAAAGATCGCGCTGGTGACGTAATTCCTGCTTCGGCATGGAAAACGTCTAATGCACTTGCTAACTACATGAAAAACCCGATTATTCTTTTCGGCCACGACCATCGTCGTCCAATCGGCAAGTGTATTGATCTTAATCCTACTGAAATGGGTCTCGAAATTGAATGCGAGATTTATGAAAGTTCTGATCCAGCTATCTTCTCACTAATTAAAAACGGTGTACTGAAAACCTTCAGTATCGGATTCCGCTGCCTAGACGCAGAATGGGATGAAGCTACTGACATATTTATTATTAAAGATTTAGAACTATACGAAGTTTCGGTAGTTTCTGTACCCTGTAATCAGGACTCAACGTTCAACCTCGCTAAGAGTATGAATGGCCACGATTACACTGAATGGCGCAAATCTTTTACTGCAACAAGTTCTAAGGCTGTCCCAGCTCAAGAACGTAATCTTTCTGAACTAGAAAAACTTGCGATAGCTTTAGGCTACGTTAAAGAA
Q6QGD8,4939,6313,1,90,1374,1374,100,FALSE,swissprot,D20,CDS,"CAPSD_BPT5 - Experimental evidence at protein level: Swiss-Prot protein existence level 1. Major capsid protein that self-associates to form 120 hexamers and 11 pentamers, building the T=13 icosahedral capsid which about 860 Angstroms in diameter. Responsible for its self-assembly into a procapsid. The phage does not need to encode a separate scaffolfing protein because its capsid protein contains the delta domain that carries that function. The capsid gains its final stability through the reorganization of the subunits that takes place upon expansion. DNA encapsidation through the portal triggers capsid expansion and the binding of the decoration protein to the capsid exterior. From Escherichia phage T5 (Enterobacteria phage T5).",ATGACTATTGATATTAATAAGCTGAAGGAAGAACTTGGTCTGGGTGATCTGGCTAAATCTCTGGAAGGTCTGACTGCTGCTCAGAAAGCTGCGGAAGCTAAGCGTCTGCGTGAAGAGCAGGAAGAAAAAGAACTGTCTCGTATGAATGACCTAGTATCTAAAGCTGTTGGTGAAGACCGTAAGCGTCTGGAAGAAGCTCTGGATCTGGTTAAGAACCTGGACGAGAAGTCTAAGAAGAGCGCAGAACTGTTTGCACAGACTGTAGAAAAGCAGCAGGAAACCATCGTTGGTCTTCAGGACGAAATCAAGTCTCTGTTGGCAGCTCGTGAAGGTCGTTCCTTCGTTGGTGATAGCGTAGCTAAAGCTCTTTATGGCACTCAGGATGCTTTCGAAGATGAAGTTGAGAAACTGGTTCTTCTGTCTTATATGATGGAGAAAGACGTATTCGAAACTGAACATGGTAAGGCTCACGTTAAAGCTGTTAACGGTTCTTCTTCCGTTTCCATGTCTAGCGAAGCATACGAAACTATCTTCTCTACCCGTATTATCCGTGACCTGCAGAAGGAACTGGTAGTTGGTGCACTATTCGATGAACTGCCAATGTCCAGCAAAATCCTTACTATGCTCGTTGAACCAGAAGCTGGTCGTGCTACTTGGGTAGATGCTTCCAAATTCGGTACTGACGAAACTGTTGGTGACGAAGTTAAAGGTCAACTGACTGAAATCAGCTTCAAAACTTACAAGCTGGCTGCTAAATCCTTCATCACTGATGAAACTGAAGAAGATGCAATTTTCTCCCTGCTGCCTCTGCTGCGTAAGCGTCTGATCGAAGCACACGCTGTTTCTATCGAAGAAGCTTTCATGTCCGGTAATGGTACTGGTCAGCCTAAGGGTCTGCTGAAACTGGCTGCTGATGATGGTGCTAAGGTTGTTACCGAAGCTAAAGCTGACGGTTCTGTTCTGGTAACTGCTAAGACTATCTCCAAGCTGCGTCGTAAACTGGGCCGTCACGGTCTGAAACTGAGCAAACTGGTACTGATCGTATCTATGGATGCTTACTACGATCTGCTGGAAGATGAAGAATGGCAGGATGTTGCCCAGGTTGGTAACGATGCTGTTAAACTGCAGGGTCAGGTTGGTCGTATTTACGGTCTGCCGGTTGTAGTTTCTGAGTACTTCCCAGCTAAAGCTGCTTCCGCTGAATTCGCAGTTATTGTTTATAAAGATAACTTCGTAATGCCGCGTCAGCGTGCCGTTACTGTTGAACGTGAGCGCCAAGCTGGCAAACAGCGTGACGCATACTACGTTACCCAGCGTGTTAACCTGCAACGTTACTTCGAAAACGGCGTTGTATCTGGTGCTTACGCTGCATCT
O48500,5442,5886,-1,94.6,444,444,100,FALSE,swissprot,DUT,CDS,"DUT_BPT5 - Experimental evidence at protein level: Swiss-Prot protein existence level 1. This enzyme decreases the intracellular concentration of dUTP so that uracil cannot be incorporated into viral progeny DNA. This activity is sufficient to exclude uracil from the DNA during phage replication. In the case of dUTPase mutant phages, the host dUTPase activity is not sufficient to exclude uracil from T5 DNA and uracil are incorporated, leading to decreased phage viability. From Escherichia phage T5 (Enterobacteria phage T5).",ATGATTAAAATTAAACTAACTCATCCAGATTGCATGCCGAGGATTGGTTCTGATGATGCCGCAGGTATGGATCTGCGTGCATTCTTTGGTACTAACCTTGCGGCAGATTTACGTGCTATTGCACCAGGCAAATCCCTTATGATTGACACCGGTGTCGCGGTGGAAATTCCGCGAGGTTGGTTTGGTTTGGTAGTTCCTCGCAGCTCTTTAGGTAAGCGTAAACTAATGATCGCAAACACCGCAGGAGTGATCGACTCAGACTACCGTGGTACTATTAAGATGAACCTGTTTAACTACGGTTCTGAAATGCAAACTCTGGAGAATTTCGAGAGACTTTGTCAGCTAGTGGTACTACCACACTACTCAACCCATCATTTTGAAATCGTTGACGAACTAGAGGAGACTGATCGTGGAGAAGGCGGATTTGGAAGCTCAGGAAGTAAG
P06229,5885,6758,-1,97.6,873,873,100,FALSE,swissprot,D15,CDS,FEN_BPT5 - Also known as exo5 From Escherichia phage T5 (Enterobacteria phage T5).,ATGAGTAAATCCTGGGGAAAATTTATTGAAGAGGAAGAAGCTGAGCTGGCTTCTCGTCGCAACCTAATGATTGTTGATGGAACTAACTTAGGCTTCCGCTTCAAACATAATAATAGTAAGAAACCATTCGCTTCAAGTTATGTTTCTACAATTCAATCTCTCGCAAAATCCTACTCAGCTAGAACTACAATCGTTCTTGGCGATAAAGGAAAGTCTGTATTCCGTTTAGAGCATCTTCCTGATTACAAAGGGAACCGTGATGAAAAGTATGCTCAACGTACAGAAGAAGAGAAAGCACTAGATGAACAGTTCTTCGAGTATCTTCGTGATGCTTTCGAGTTGTGTGAAACCACATTCCCAACTTTCACTATTCGTGGTGTAGAAGCAGACGATATGGCAGCTTATATTGTTAAGCTCATTGGTCATTTATATGATCACGTTTGGCTGATCTCTACTGATGGTGACTGGGATACTCTATTAACTGATCGAGTTTCTCGCTTCTCCTTCACCACACGTCGTGAGTACCATCTTCGTGATATGTATGAACATCATAACGTTGACGATGTAGATCAGTTTATCTCTCTGAAAGCAATTATGGGAGATCTTGGTGATAACATCCGTGGTGTTGAAGGCATCGGTGCAAAACGTGGTTATAATATTATCCGTGAATTTGGTAATGTTCTGGATATTATTGATCAACTCCCTCTGCCTGGGAAACAGAAATATATACAGAATCTGAACGCATCGGAGGAGTTGCTTTTTCGAAATCTGATTCTGGTTGATTTACCGACCTATTGTGTAGATGCTATTGCTGCTGTGGGTCAAGACGTATTAGATAAGTTTACGAAAGATATTTTGGAGATCGCAGGACAA
Q6QGD9,6375,6885,1,86.5,510,510,100,FALSE,swissprot,HCP_BPT5,CDS,Protein predicted: Swiss-Prot protein existence level 4. Head completion protein that closes the capsid once the viral DNA has been packaged. Probably part of the head-tail connector by binding to the portal protein and to the tail completion protein. From Escherichia phage T5 (Enterobacteria phage T5).,ATGCAAATCATCACTGTTGAAGACTACAGACTATATGCTAACGCAAAGCGACCTGATATGGAAACTCAGGTTGAGATGATGATTAAAGCTGCCAATACGCTGATTACGAGCCTTCTAGGTATGGATGATGCAGATGCGGTAGATCAATTAATCACTACAAAACCTAGCCGTAGGAAATATTTTCTGAGTTCCCCCTCAGCCACATCTATTACAAAGATGACTATTAACGAGAATGAAATAGATCCAGAACAGTTTAAACTGTATCCTGATGGTGTTATTCTCTTAAAGTTCAATCCTCCAGAAGGATATATGGATGTAGAATATACTCAAGGTGGTTTCAATCCAATGCCTGAAGATCTTAAGCTGGCAGCATGCCTGTTAGTAGACCACTGGCATAAGCAAGATTATCGTCAAGCCAAAACTATTGGCGGGGAGACAATTACGTTTAATAGTACTAAGTCTGGTATTCCAGAGCATATTCGTACAATCGTCGAAGTATATAGGAGAGTA
O48499,6760,7240,-1,100,480,480,100,FALSE,swissprot,D14,CDS,D14_BPT5 - Experimental evidence at transcript level: Swiss-Prot protein existence level 2. From Escherichia phage T5 (Enterobacteria phage T5).,ATGGCCGTAGATAGTAGAGAGAAAGGTAAACGTGGTGAATATCAGGTAAGAGATATACTACGTGAACGTACAGGTCTTGAGTGGGAACGTGTTCCAGGTTCTGGTGCTTTTGGCCAGAGCCATGGACTGAAGGGCGACATCTACCTTCCACCACAAAGCGGACACATTAGTAAATACTGCTTCGAAGTTAAGTGGTATAAAGATGATAACATATCAAGTAATTTATTTAACGTTGGTGAATCCACTCTAGAGAAATGGTGGCAGCAGTGTTCCCGTGAAGGTGAACAGATGAACTCCAAACCAGCTTTAATATTCAAGAAAGACAGAGGACAGTGGTTAATTGCTTTGGATAGCTCAGACCCGATGGTTGACAACTTAATGAGTCGTACCCATATGGTGTTAAATAAGAAAGACATGGAAATCGTAATCGGGTTATTCGAACCGTGGTTACATCACGCATCTGTTGAGGACTTAATTAAA
Q6QGE0,6887,7652,1,93.7,765,765,100,FALSE,swissprot,COMPL_BPT5,CDS,Experimental evidence at transcript level: Swiss-Prot protein existence level 2. Stabilizes the tail sheath structure and acts as a connector between the end of tail and the portal vertex of the capsid. From Escherichia phage T5 (Enterobacteria phage T5).,ATGGCTCTTTCTGATCTAGCTACACAAATTATTAAAGAGCAGCTAGATACTGCTGGACGATCCGAGAATAATAAGAATACTGTTGTATATACAGTTGAGACTGGTTTGAAAGATCCTACAAGAGACGGTACAGTTGCACAGGTATCTTTCAAGTTCTCAAAGCCAGTGTCACAAGACTTATTAAATGTTAGGACAGCATCTATACTGAAGGCTGTCTCTTCTAACTTAGATCTTTCTGGCGATTTAGGCGCTCTAGAGAATCTGATTCAAGCAACCGCAGGCAAACGTTCTGCTGTTGGTAAAAAACGTTCTACCGGTAGAGTTCAGGTAAATTTTGGAGATCCTAGAGATACTGAAGATGGCTATTCTGGTGCAGTAACAGGTGCTTCTGGTCGTTTTGTATCAAATAGCAACATGCGTGTTATTCTTGAATTAGTTGCTAAGGAATACTTAATTAAGGATATGAAAAAAGCAGGGGCACCATTGAAGTTCAGAACTGGTCGCTTCGCTAACTCCTTAAAGATTAAAGACGTTATGCTACGTGATGCAGAAACTAGTAAAGGTGCTCCAGAGCTGAATGTGACGTATAACTATATGGTTCGTCCTTACTCTGTGTTCAACCCCGCAGTTTCTACATACCGAAGACTTTCTCTACGACCTTACCCTGGCGCTCGAAACCCTCAAAAACTTATTGGGGAAGCAATCGCAAAAGCTGCAAGAGACCTGATTCACTCTAGATATAAAATCAAGGTTAATCAAGGAACC
P11109,7246,9082,-1,96.9,1836,1836,100,FALSE,swissprot,D13,CDS,"EXO2_BPT5 - Experimental evidence at transcript level: Swiss-Prot protein existence level 2. Possible exonuclease that may play a role in viral genome replication, DNA recombination, and host DNA degradation. From Escherichia phage T5 (Enterobacteria phage T5).",ATGTCAAAGATTATAATTAAGACACTAAAATTCAGCAACGTTATGTCTTACGGTAAGGATATCGTAATTCATTTCGATAAGAATCCAGTTACTCAGTTAATCGGAGGAAACGGTCTAGGGAAGTCCACTATTGCTACTGTTATTGAGGAATTGTTTTATAACAAGAACTCACGTGGTATCAAGAAGGACGCCTTATTCTCTTGGGGTTCTCCGAAGAAAGAGTACGATATGCACGCTTACTTCTCGAAAGATGAAGATGAGTATGAGTTGCATAAAGTAGTTAAATCAACTGCTAAGGTTACACTGATTAAGAATGGAGAAGATATCAGTGGACACACAGCAACCCAAACATATAAGATGATTGAAGAGATTATGGGTGGTGACTTCCAAACATTCACTAAACTGATCTATCAATCTGTAGGTTCCAATCTAGACTTCCTCAAAGCAACCGACGCGACACGTAAAGCTTTTCTTGTTAATCTGTTTAATCAGGAACAGTACAAAGAAATGTCGGAAACTATTAAGGCTGACCGTAAAGAAATAGCAAATACCTTAAGTAATTTGCAGGGCCAAATGGCTGTAATTACGAAAATTCTTAATGGAAAGAATAACTTGGGAACCTTACAAGAACCAGTCGAAGTGCCTGAGTTTGACGAAGAACCCTTAGCACAAGAACTCACTGAATCGAAAATTAAGGCGGCATTAGCCAAGTCACAAGAGGCTAATATTACTAAGTTGCGTAATTTGGACAAAGCTGTACAAGTTGCCGAACAATCTTTCGAGCCTTTCAAAAATTTCCCTGCGCCCACTGACCAATCTGAAGAGATCTCAAGTGTTACGCGTGACCTAACGATTGTTACCTCACGTGCGGGAGAAGTCAAGAAACGTTATCAGAAGTTCAAGCAAGAGGCTTCAAATACTGAATGTCCTACTTGTGGTACTCACCTTGATACAACTGCTGCTCAAAAAGCAATGGATATGGCTAGAATAGAGTATGATCCTCTGTTTAAAGAGAAACAATCTCTTGAAGCTACATTGGAGCAGTTGAAGAAAGAACAAGTTGAGTACACTGCATTTACTAGAGCTAAAGATGCTTTGGATAAGGCAGTAGCAGCTAGAGACGAGTTCAAAAATTCAATGAGTGATGCTTCTTTTGAAGAACTCAATGTGCAAATCCTACAGGTGCAAATCCGACAATTAGAACAGGAAATCGCTGATGGACGTTCTAAAGTTGCAATTGCCAAAGAGCATAATGCAAATGTCGAATTAGCCAATGCAAAATATAAAGCGAAACTAGAACAGATTGAGAAAGCTGAGGCAGAAATGTCTGAGATAACGTCCAAACTGGATGGAGTATCAGAAGCTGTTGCTGATCTTGATATTCTGATCGCTGCATTGAAAAATCTGGTAGGATATAAACTAGAGCATAGTGTGAAAGTATTTGAGGAATTGATTAATAAATATCTTTCTATTATGACTGGTGGTAAGTTCGCACTTGGATTTGAACTTGATGAAACTAAATTACAAGTAGTAATCTTCAATGATGGAAACCGCACCAGTATGGAGAACTGCTCTACTGGTCAGCATAGTAGAATTAACCTAGCAACTCTGTTAGCTATTCGAATGCTGTTAACATCTATTAGTAAAGTTAATATTAATCTTCTGTTCCTTGACGAAGTTATTAGCTTTATTGATACGAAAGGACTTGATACTCTCATTGAATTATTAAATGAGGAAGATAGTCTGAATTCTATCATTGTTTCTCATGGGCATACGCATCCATTAGCTCATAAGATTACTGTCAAAAAAGATGCAGAAGGATTTTCCTACTTAGAA
Q6QGE1,7658,8141,1,95,483,483,100,FALSE,swissprot,TTTP_BPT5,CDS,Experimental evidence at transcript level: Swiss-Prot protein existence level 2. Plays an essential role in tail assembly by capping the rapidly polymerizing tail once it has reached its requisite length and serving as the interaction surface for the completion protein. From Escherichia phage T5 (Enterobacteria phage T5).,ATGGATCACAGAACAAGTATTGCACAAGCAGTGGTTGACCGAATCGCCACACAAATGGATGGTTCACAACCTGATGAGTATTTCAATAACCTTTATGGAAACGTTTCTCGTCAAACTTATAAATTCGAGGAAATCCGAGAATTTCCTTATGTGGCAGTCCATATCGGAACTGAAACTGGGCAGTATCTTCCCTCGGGCCAACAGTGGGTGTTTTTAGAACTTCCAATCCTCGTGTATGACAAAGAGAAAACAGATATTCAAGAGCAACTTGAAAAACTCGTAGCTGACATAAAAACCGTCATTGACACAGGTGGAAATTTAGAATATACTGTTAGTAAACCTAATGGATCGACCTTCCCATGTGAGGCAACTGATATGAGCATCACCTCAGTAGCTACAGATGAGGGTCTACTGGCCCCATATGGTTTAGCGGAAATAAATGTAACAGTGAGGTATCAGCCACCTCGTAGGGCACTTCACAGA
Q6QGE2,8170,9574,1,86.8,1392,1404,99.13793103,FALSE,swissprot,N4,CDS,"TUBE_BPT5 - Experimental evidence at protein level: Swiss-Prot protein existence level 1. Polymerizes to make up the central tail tube that is surrounded by the tail sheath protein (TSP). Tail tube protein polymerization takes place around the tape measure protein (TMP) and is probably directed by chaperone proteins. The tail is a stack of 40 trimeric rings of the TTP. Upon binding to host cell, the tail sheath contracts and the tail tube penetrates the host envelope. The tail tube is involved in viral genome delivery during ejection. From Escherichia phage T5 (Enterobacteria phage T5).",ATGTCTTTACAACTATTACGTAATACTCGAATCTTCGTGTCTACGGTTAAGACTGGTCACGATAAGACCAACACGCAAGAGATTCTAGTTCAAGATGATATTTCTTGGGGTCAGGACAGTAACTCAACCGATATTACTGTTAGTGAAGCTGGTCCGCGTCCAACTCGTGGTTCAAAACGTTTCAACGACTCCCTGAACGCAGCTGAGTGGAGTTTCTCTACTTACATCCTGCCTTACTTAGATAAGACTACTAGTAAGCAGATCGTTCCGGACTACATGCTGTGGCATGCTCTTTCTAGTGGTAAGCCTATCAACCTAGATGGTGATACAGGTGCTCACACTAACGAAACTAACTTCATGGTTAACTTTAAGGATAACGCATACCACGAGCTGGCAATGCTACATATTTACATCCTTACTGATAAAGCATGGAGCTACATCGATTCCTGCCAGATCAACCAGGCTGAAGTAAACGTTGATATCGAAGATATCGGTCGTGTAACTTGGTCAGGTAATGGTAACCAGCTGATCCCTCTGGATGCTGCTCCATTTGATCCTGATACTATAGGTATTGATGATGAAACTTACATGACTATCCAGGGTTCTTATATCAAGAACAAACTGACTATCCTCAAAATTAAGGATATGGATACTGGTAAGGCATATGACATTCCGATCACTGGTGGTAGCTTTACAATCAACAACAACATCACCTATCTGACTCCTAACGTCATGTCCCGTGTCAACATCCCAATCGGTTCATTTACTGGTGCATTCGAATTAACTGGTTCTCTAACTGCGTATCTTAACGATAAAGCTCTAGGTTCTATGGATCTGTACAAAGATCTGGCTAAGACCCTGAAAGTAGTTAACCGTTTCGAAATCGCTCTAGTACTTGGTGGTGAATATGATGATGAACGCCCTGCTGCTGTTCTAGTTGCTAAGCAAGCTCACGTTAACATCCCGACTATTGAGACTGACGATGTACTTGGTACTTCTGTAGAGTTCAAAGCAATTCCTACTGATCTGGACACCGGTGATGAAGGTTATCTTGGTTTCTCTAATAAGTACACCAAAACTACTATTGCAAATCTGATTGCAACTGGTGACGGTGGTAAAGCAGCTCCGGTTAAGGTAACAGGTATTACTGTTAAATCCGCGGGTGATGCAGCTTCCGTTGATAATAGTGCAACTCTTCAGATGACTGTAGATGTTTTGCCTGCTGAAGCTACTAATAAGGAAGTAACTTGGTCTATTTCCTCCGGTACTGCGGCTACTATTGATGCAACTTCTGGTTTACTGACCGCTGATGCTTCTAAGACTGGTGCAGTTACTGTGAAAGCCGTAGCTAAAGATGGTTCTGGTGTAGAAGGTACTAAGAGCATTACAGTTACTGCTTCTGGT
P11108,9065,10040,-1,96,975,975,100,FALSE,swissprot,D12,CDS,"EXO1_BPT5 - Experimental evidence at transcript level: Swiss-Prot protein existence level 2. Possible exonuclease involved in phage DNA recombination, replication, and repair. From Escherichia phage T5 (Enterobacteria phage T5).",ATGAGAATACTATTTAGTGCTGATCATCATATCAAATTAGGACAAGATAAAGTTCCAAAGGAATGGCAGAAGCGTCGCTTCCTGATGCTAGGAGAACGGTTAAATGATATATTCCATAATCATAACTGTGATCTGCATATTGCTGGTGGTGATATTCTTGATGTTGCCGACCCATCGTCGGAAGAAATAGAACTTCTTGAACAGTTCATGTCAAGACTTGACCATCCAGGCAAGATCTTCACTGGTAACCATGAAATGTTAACTAAAACTATTTCATGTCTATATCATTATGCAGGAGTTATTAATAAAGTAACAAACGGAAATTGGGAAGTCATTACTAAACCATATCGTTCTCCTGAATTTGATATTATCCCTTATGATGAAATCCACAAACCAAAGTGGAAACCATCTGAATCAAAATTATGTTTCACGCATGTTCGTGGTGAAATCCCCCCACATGTAAAACCAGAGATTGATCTAATTAGGTATAACTGTTATGACACTGTAGTTGCTGGCGATTTACATTCTTATACTAATAGTCAAACTGTTGGTTCTACTAGACTTCTTTATCCAGGATCTCCATTAACTACATCGTTCCATAGAGAACGCACAAAAGGTACAAATGGTTGTTTTATCATTGATACCGACACATTAAAAGTAGAATGGATTGAACTTGGTGATTTACCTCAACTGATTCGTAAAACAATCAGAGTTGGTGAGGAAATGGAGCCTAGCGACTATGACCGTGTAATTTATGAAGTCACTGGTGATGTCGTTCAGTTAAAGTCTATTAAAGATTCCGATCTCTTAGATAAAAAGATTAACCATCGAGTTACTAAAGATGCTAAGTTAAATCTTGTTGATCTTGATATGTTAGGTGAGCTTGAGCTTTACTTCCGTGAAGTTGAAAAGCTGTCTCAAGGCGACATTGATAGAATCTTGGCTAGAGCTGCTAAATATGTCAAAGATTATAAT
Q6QGE3,9584,10478,1,74.8,894,894,100,FALSE,swissprot,TAIL1_BPT5,CDS,Experimental evidence at transcript level: Swiss-Prot protein existence level 2. Probable minor tail protein. From Escherichia phage T5 (Enterobacteria phage T5).,ATGTACTACTCTCTAATGAGGGAGTCAAAAGTTATAGTTGAGTATGATGGCAGGGCCTATCATTTTGATGCCCTGTCAAATTACGATATCAATACGTCCTATGAGGAATTTAAAACTCTTCGTAGGACTATCCATCGTAGAACCAACTATGCTGACTCTATTATTAATGCACAAACTCCATCTTCAATATCGCTGGCTATAAATTTTAGTAATACCCTTACTGAAGCTAACTTCTTTGAATGGATGGGCTTTGACCGAGAGGGTAACACATTCTTACTACCACTTTATAGTACAAATATTGAGCCAACAATGTTTAATATATACATAGTTAATAAAGATAATAACTATGTGTACTTTGAGAATTGCTACGTATCTACTGTAGACTTTTCTCTAGACAAAAGCGTTCCTATCCTAAACGTAGGAATTGAATCTGGTAAGTTCTCTGAGGTGTCTACTTTTACTCCTGCTGGTTCTATTGTTCAGGGTGAAGTTATATCATATAGTCCTCCTAGAGTATCCACCAATAGTAATGTTTTACCAGCTCTTTTATCCGCTTCTATGTCATTCCAGCAACAATGTTCTTGGAGGGAAGATAAAAGCGTATTTGACATAAACAAAATATATAATAATAAGAGAGCTTATGTTAATGAAATGAATGCTTCGGCAACAATTGCATTTTACTACACTAAGCGATTTGCTGGTGATATGTTTTATAATATTGAACCCGAAACTGACATACCATTAACCATCCGGAATGGACATATTTCGATTGACTTCCCTTCAGCACGTATAACAAAACGCCTACAATTCTCGGATATATACAGAGTTGAATGGGATGTAATCCCTACTGCAGACTCTGATCCGGTAAGAATCGACTTCTTTGGAGAAATAAAG
P20376,10083,10854,-1,86,771,771,100,FALSE,swissprot,D11,CDS,SSDNA_BPT5 - Experimental evidence at transcript level: Swiss-Prot protein existence level 2. Required during DNA replication. Displaced viral DNA strands are transiently coated with the ssDNA-binding protein. It is then probably removed by the replisome that performs lagging strand synthesis or during the events that lead up to the recombination process. From Escherichia phage T5 (Enterobacteria phage T5).,ATGGCTAAGTCTTGGGGCGAAACTACTGGCGGTTCTAACGATAAAATCGACTTCCTGAAATTCAACAACGGTGTAACTCGTGTTCGTATCGTTTCTGGTGTTCTTCCACGTTATGTCTACTGGCTGACTAACAAAGATGGTAATGCAGCTCCGTTTGAGTGCCTGCGTTTCAACCGTACTAAAGAGAGCTTCGTTCGCGGTAAAGCTGACCCGATTCACGAAATGGGCTTCTTCGAGAAAGAGCTGGACAAAGATGGTAATCGTGTTCCGCTGAAACCGAAGAAAAACTATATCGCTTTCGTTATCGACCGTTCTGATAACAAACTGAAAGTTATGGAAGTTAAAGCTACGATCCTGAAAGGCATCCAGTCTATCATGAAGCAGCTGAAACTGTCCGACCCGTTCGATATCGATATTTCTATCGAGAAGAAAGGTAAAGGCTTCGATACTGAGTACGATGTACAGCAGATCGCAGCAATGCAGTTCCAGATGGCTCTGAAAGATCCTACTAGCGCAGAAGCTAAACTGCACGCCGCAGATGCCGATATCCTCGGTGAAGCTATGTGTGATGATACTGGTGAGTTCATCAAGTTTGAAAAAGTTCCTTCTCTGGAAGAAACCTACCCGGTTCCGTCCTATGAAGAGCAGAAAGAAGCTATTCTCGCCTTCATGGAAGGTCGTGAGAAGCAAGACGGCGGTGACGCTAAGTCTGGTGGAGATGCTGGTTCTCAGAAAGGCATCGACGCTGAAGCTGCTAGCGATCTGGACGAC
31,10914,10986,1,100,71,72,98.5915493,FALSE,Rfam,tRNA,ncRNA,Accession: RF00005 - tRNA,GCCGTCCTAGTATAATTGGTATTATCAAGCCGTAACTGGTGGAAGATGTAGGTTCGAATCCTACGGTCGGTA
Q6QGE7,11395,15073,1,64.1,3657,3678,99.42575882,FALSE,swissprot,D18-19,CDS,TMP_BPT5 - Experimental evidence at protein level: Swiss-Prot protein existence level 1. Fills the tail tube with its long coiled-coil domain and has pore-forming properties for host membrane penetration. Probable exolysin involved in host peptidoglycan digestion necessary for viral DNA entry into the host cell. Also functions as a tape measure protein that serves as a base for tail tube protein polymerization and acts as a template for tail length determination. From Escherichia phage T5 (Enterobacteria phage T5).,ATGACTGATAAGCTAATACGAGAACTACTTATAGATGTAAAGCAGAAAGGGGCAACCCGTACTGCAAAATCTATTGAGAACGTTTCCGATGCGTTAGAAAATGCTGCTGCCGCTTCCGAACTGACTAATGAGCAGTTAGGAAAAATGCCCAAAACTCTTTACTCCATTGAGAGGGCAGCGGATAGAGCAGCTAAAAGTCTAACTAAAATGCAGGCTAGCAGAGGTATGATGGGTATCACCAAATCTATGGATAGTATTGGTGCTAAGTTAGATGACCTTGCTATTGCTATGATTGAGGTATCCGATAAGCTAGAGTCTGGATTTACACATGTTGGTAAATCTGTTAAGGCGATGGGTAACGATGTAGCTGCTGCAACTGAAAAAGTTCAAGATAGATTATACGATACAAACCGTGTTTTGTCGGGTACTACTAGAGGCTTCAATGATACTACCACATCCGCAGGTCGTGCTAGTCGTGCTCTAGGTAATACCTCTGGTTCTGCACGTGGTGCTACTCGTGACTTCGCAGCAATGGCTAAAGTTGGTGGTTCTCTACCTCTTATGTATGCTGCTATCGCATCTAACGTGTTCGTTCTACAATCTGCATTCGAACAACTTAAGATGGGTGACCAGTTAAACCGTCTGGAGAAGTTCGGTACTATTGTAGGTACTCAAACAGGTACTCCGGTACAAACTCTAGCTAGATCTCTACAAGAGGCTGCTGGTTATGCAATCTCCTTCGAAGAAGCAATGAGACAGGCATCCTCTGCTTCTGCATATGGATTCGATGCTGAACAACTTAATAAATTTGGTCTAGTAGCCCGTCGTGCTGCTGCTGTTCTTGGTGTTGATATGACTGATGCACTTAACCGTGTAATCAAAGGTGTATCTAAACAAGAAATCGAACTTCTGGACGAACTTGGTGTTACTATTCGTCTTAATGATGCTTACGCTGACTACGTTAAACAGTTAAATGCTGCTAACACAGGTATCACATATAACGTCAATAGTCTTTCCACTTTCCAAAAGCAACAAGCATATGCTAACGCAGTAATCGCTGAATCTACTAAACGTTTCGGCTACCTGGATGACGTACTTCGTGCAACTCCATGGGAACAGTTTGCTGCTAATGCTGATGCTGCATTGAGAAAGGTTCAACAGGCTGCTGCTAAGTATTTAGGGCCGGTAATTGATTCTATTAACGCAGTATTCTATACTTCTCAAGCATCTATCTCAGCTTCTGCTGCTAGAGCACAGGAAGAAACTAACCGTCAGATTGACCCAACTAACGTTGGTGCTGTAGCTTTAAGTCTTTCCGCTTCTGAGGAAGGATATAATAAAGCTCTGGATATGTATAAAGAATCTCTAGAAAAGCGTAATAAGTTAAAAGCTGATCTAGACAAGCGTATGGAACAGGCTGACTTCTTTACCGCAGGTGCAATTCGTTCTGTGGCTCAAGGTGTTCCAGTAAGTGCTGCGGCTCTTGGTGCTTCGGAGGAAAACAAGAAGTTCGTAGCTGAAACTGCGGCTATGGCACTCCAAGTAGAACGTTTGGATAAGGAAGTTACTGATTCAACCGATAACTTAGGTGCATGGAAATCTGCATATCAAGCTGCTGGTGCTGCGGCTGCTAAGGCTAATCCAGAATTTCAGAAGCAGATTAATCTGCAGAAGGATATGAATGACCCTGATGCGGTTTATGACTTTAACTCCGCAACTCTGAAAGGACTGACAGAACAGCAGAAAGCATATGATCAGGCTAAGAAAACTGCTAGTGATTTAGCTAACGATATCCAGAACATTGCTCAGAATACTAATACTGCGGCTAAAACTAGTGCATCCCTATCAGATACGATTAAGACTATTGAGTCTCTATCTGCTGGTACTGGTAAAAATGCTGATGAGTATGTTAAGAGCCTGAACTTAGGGTATAATACTCTTAGTGAGATGAAGACTGCTTCACAAGCTCTTGCTGGTTACGTAAAATTAACGGGTAATGAGACTAAGAATCAGTTAGAAGTTCAGCAGAAGATTGCCGAAGTGTACAACCAGACTAAGGACAAAGAGAAAGCTCAGGAAGCTGGTAGACGTCTGGAAATCCAACAGTTAGAAGAACAGGAAGCAGCTCTTAAGCGTGTCCTAGAAACTAACAAGGGTAACAAAGCAATCGAAGGTGAGATAGCTAAGATTCAGTTAGAACGTATCAAGATCACTAACCAGGGTATGGAAGCTCAGAAGAAGGTTAAGGATTATACCGATAAGATTCTTGGTGTTGATCGTGAAATTGCTCTCCTGAATAACCGTACTATGACAGATACTCAATATCGTTTAGCTCAGTTGAACCTTGAACTGACTGTCGAGAAAGAAAAGTATGAATGGTACTCCAAACAGGTTGATAAGCATAAGGAAGCTGAACAATCAAGACGTGCTCAGGCACAAATTGAACGTGAAATATGGAAATTCCGTCAGGATCAGCAAAGGGAAATGGCTGCTGGCAGGGAGGAGGAGCAACAAAGAAAATTTACTGCAAATCCTTTAATGGGAGCTGCGGAACGTATCAAGGAGCAAATCCAGCTATTCGAAGACCTTAAGCAAAAAACTTTAGGGAATGCTGCTGCTCAGCTAGAATATAACAAAAAGCTAGCAGAAACTAGAGCCCAGCTTGCGGCTCTAAGAGTACAGCGTGATGCAGAAATGCAGTCTTCTGTAGGTGCAGCTGTAGGGGCTACGTATACTCCTACTACTGGATTAACTGGAGAAGATAAAAACTTCGCAGATATGCAGAATAGAATGGCATCCTACGACCAGGCTATTTCTAAACTATCTGAGTTAAATTCCGAAGCAACTGCTGTAGCTCAAAGCATGGGTAATTTAACTAACTCTATGATCCAGTTCTCTCAAGGGTCTCTGGATACTACCTCTCTAGTAGCGGCTGGTATGCAAACTGTATCTTCAATGATTCAGTATAGTGTTGGTCAACAGGTAAGTGCTATTGATGCAGCTATTGCAGCAGAACAGAAACGTGATGGTAAATCTGAGCAATCCAAAGCTAAGATCAAGAAGTTAGAGGCTGAAAAGCTCAAGATCCAGCAAGATGCAGCTAAGAAGCAAATCATTATCCAGACGGCAGTAGCGGTGATGCAAGCAGCAACAGCTGTTCCATATCCATTCTCTATTCCTCTGATGGTTGCAGCTGGTTTAGCAGGTGCTATGGCTCTTGCTCAAGCATCCTCTGCATCTGGTATGTCTTCTATTGGGGACTCTGGTGCTGAGACGGCTGGTTACTTAACTCTTGGAGAGCGCCAGAAGAACGTAGACGTTTCTATGTCGGCTAACGCAGGTGAACTTTCTTATATTCGAGGTGATCAAGGGATCGGTAATGCTAACTCTTTCGTACCTCGTGCAGAAGGTGGTACTATGTACCCTGGAGTTAGTTACCAGATGGGTGAGCATGGTACCGAAGTAATCACTCCTATGGTTCCGATGAAGGCTACTCCTACTGATGAACTCAAAGGATCTTCAAAGGGTACATCGGGTAGACCTATTGTGCTGAACATCAGTACGATGGATGCGGCTAGCTTCCGAGACTTTGCTTCGAGCAACAGTGCTGCTTTCAGGGATGCCGTGGAACAGGCTCTTAATGAGAATGGAACCACCCTGAAATCACTTGGTAATTCT
19,11488,11560,1,100,71,72,98.5915493,FALSE,Rfam,tRNA,ncRNA,Accession: RF00005 - tRNA,CGGGGTGTAGTCTAAGGGAGAGGCAGGAGTCTTCTAAATTCCTTTATGCAGGTTCGAATCCTGTCACCTCGG
P11107,11915,13253,-1,95.3,1350,1338,99.11111111,FALSE,swissprot,D10,CDS,HEL10_BPT5 - Experimental evidence at transcript level: Swiss-Prot protein existence level 2. From Escherichia phage T5 (Enterobacteria phage T5).,ATGAAGGTTGTTATATCTAATAAAGCCTATTTCAAGCCCGATGATGAACTCTGGGATTATTGTAGTAAACAAACCACTTACCACATCGAGACAATGACTAGTAAATACCCTATTATGTATAAGAATAGTGGTGTTGTTGCTAAAGAGATTAAGTGGATTCCCATTACGCGTCTGGATTTGCTAGATGCTAAGGGAGTAAAATACGAATTAGTTGATAAACGCACGTTAGCTCCGGTAAAAATACCAGAACCTCAGTTCAAGCTGCGTGAAGAAGATCAACTCCCTATATATGAAGAGTGTGATGATACTTGTATTATCAATGGTAAGCCCGGATTTGGTAAAACTATCCTAGCTTTAGCTCTTGCATATAAGTTTGGCCAGAAAACTCTGGTAATCTGCACCAACACATCCATACGGGAAATGTGGGCTGCAGAAGTTCGTAAATGGTTTGGATTCGAGCCTGGTATTATAGGTTCTGGAAAGTATAATATTGATCCACCAATCGTGGTCAGTAATATACAAACCGTGAATAAACATGCGAATAATCTTTCTAAGGTGTTCGGTACTGTTATAGTTGATGAAGTTCACCACTGTGTGGCTACAACTTTCACTAATTTCTTAGAGATCTCGTGTGCTCGCTACAAGATTGGTTTATCGGGTACGTTAAAACGTAAAGATGGCCTACAAATTATGTTCAAAGATTTCTTTGGATATAAGATCTTTAGTCCGCCTGTCAATAACACTGTTCCACCCACAATCCATAGGTACTCCGTGCCTGTTGAGTTATCAGGAAACCAGAACGTACCGTGGGCATTACGTGCTAACGATGTGTATAACCATCCTGAATATCGAGAGACTATTATAAATCTAGCTCATTTATATGTGTCTATGGGGCATAAGGTTCTCTTTGTAAGTGATAGAACAGAACTAATTCAAACAATACTAGAAGCTCTCGCACAACGTGGTGTTACAACCTATGAGATTATAGGTGCAACTCCTTTGGATGATCGATTGAGAATCCAGAAAGATGTAGCGGAGGGCGGACCTTGTGTACTTGCAGCAGCTCAGAGTATCTTCTCAGAAGGTATTTCTCTTAACGAGCTATCTTGTTTAATAATGGGAAGTCTCATTAATAATGAATCTCTCATAGAACAGCTAGCAGGTCGCGTTCAACGTATTGTTGACGGAAAACTAGATCCGATTGTTGTAGATTTAATTATGAAAGGAGGTACTGGTTTAAGACAGGCTTCTGGACGTATGGCCGTGTATCGCAATAATGCGTGGAAAACTATTAATATGACTCCGGAGAAAGCAGTTAGATTAGCCCAGGAAGTATTT
1,13179,13265,1,100,71,86,78.87323944,FALSE,Rfam,tRNA,ncRNA,Accession: RF00005 - tRNA,GGAAGAATAGCATAATGGTATTGCAGCAGATTGCTAATCTGTCGGTTTGAAATATAGCCTTGTGGGTTCGATTCCCACTTCTTCCG
27,13274,13349,1,100,71,75,94.36619718,FALSE,Rfam,tRNA,ncRNA,Accession: RF00005 - tRNA,GGTTCTCAAGCTCATATGGTATGAGCACCCAGCTCATAACTGGAAGGTACGTAGGTTCGAATCCTCGGGGAGCCA
Q6QGL2,13376,14057,1,90.7,681,681,100,FALSE,swissprot,hegA,CDS,TFLIV_BPT5 - Experimental evidence at transcript level: Swiss-Prot protein existence level 2. Endonuclease that introduces double-strand break into pseudo palindromic 17 bp DNA sequence yielding 1 bp extensions with 3'- overhangs. From Escherichia phage T5 (Enterobacteria phage T5).,ATGAGAACTGATATACTCGATAGAAAGGAAGAAATAACTCAGTGGATAGCTCAGGGAAAATCTAAAGCAGAGATAGCAAGAATGCTATCTTGTGCCTCGAATACTTTAGAAGCATATTTAGGAAAACTAGGGATAGTAATTACTCCTACTAATAGGCAGCAGGATAATAAATATAAATCTGCAATAGAGTATTTATATAATGGCAGTCCTATCTCTTCCTATAGACTAAAGAATAAAATTCTTAACGAGGGGCTAAAACCACATAAATGTGAGGGTTGCGGACTAGAAAGCTGGTTAAATAAACCAATTCCCTTAGAACTCGAGCATAAAGATGGAGACCACTATAATAATGAGTGGGATAACTTAGCCCTCCTATGCCCAAATTGTCATGCACTAACACCTACTCATGCAGGCAAAAATATTGGCAGGTATACAGAAAGGGTGGTAAATACATGTGCTATTTGTCATTGCGAAATTAGCCCAAAGGCAACGCACTGTAAATCATGTACTCCGAAAGAGTTAACTATAAGTCCAGATATTACTGCGGAGCAAATAGAGTACTGGGTATCTAAATATTCCTGGGTTCGTGCCTCTAAAGAGTTAGGATTATCTGATAATGGGCTAAGAAAAAGATATAAATCCTTAACAGGAAAAGATCCTAAAAGTATTAAGAAAACTAAA
P19822,13742,16307,-1,98.6,2565,2565,100,FALSE,swissprot,DPOL_BPT5,CDS,Experimental evidence at protein level: Swiss-Prot protein existence level 1. Replicates the viral genomic DNA. This polymerase possesses two enzymatic activities: DNA synthesis (polymerase) and an exonucleolytic activity that degrades single-stranded DNA in the 3'-5' direction for proofreading purpose. The DNA synthesis very likely occurs by strand displacement. From Escherichia phage T5 (Enterobacteria phage T5).,TTGAAAATCGCAGTAGTTGATAAAGCTCTAAACAACACTCGTTATGATAAACATTTCCAGCTATACGGCGAGGAAGTTGATGTATTCCATATGTGTAACGAGAAGTTATCTGGTCGTTTGCTTAAAAAGCACATTACTATTGGAACACCAGAAAACCCATTTGATCCGAATGATTATGATTTTGTTATACTAGTAGGTGCTGAACCTTTCCTGTACTTCGCAGGTAAGAAAGGCATTGGTGACTATACTGGTAAACGTGTAGAGTATAATGGATATGCTAACTGGATTGCGAGTATCAGCCCAGCCCAGTTACACTTTAAGCCTGAAATGAAACCAGTCTTTGATGCAACAGTAGAGAATATCCACGATATTATCAATGGTCGTGAGAAGATTGCAAAAGCTGGTGATTACCGTCCTATTACTGACCCTGATGAGGCGGAAGAATATATCAAAATGGTGTATAATATGGTTATCGGACCTGTCGCATTCGACTCCGAAACCTCAGCACTATACTGTCGAGATGGTTATCTGCTTGGTGTTTCTATATCTCACCAAGAGTATCAGGGTGTATATATCGATTCTGATTGTCTCACAGAGGTTGCAGTATATTATCTCCAGAAAATTCTGGATAGTGAAAACCACACTATTGTTTTTCACAACTTGAAGTTTGATATGCACTTTTATAAGTATCATCTGGGACTTACTTTTGATAAAGCACATAAAGAACGCAGACTCCATGATACTATGTTGCAGCATTATGTTCTAGATGAGCGTCGTGGTACTCATGGCTTGAAATCTCTAGCAATGAAGTACACCGATATGGGTGACTATGACTTTGAACTAGATAAGTTCAAGGATGATTACTGCAAAGCACATAAAATCAAGAAAGAAGATTTCACCTATGATTTAATTCCGTTTGATATTATGTGGCCTTACGCTGCAAAAGATACCGATGCCACCATACGTTTGCACAACTTCTTCTTACCAAAAATTGAGAAGAACGAAAAACTTTGCAGTCTGTATTATGATGTTTTGATGCCTGGTTGTGTATTTCTCCAGCGTGTTGAGGATCGTGGTGTACCAATTTCTATTGATCGTTTAAAAGAAGCTCAGTACCAGTTAACCCATAATCTGAATAAAGCTCGTGAGAAGCTGTATACTTATCCAGAAGTCGTTCAGCTAGAGAAAGATCAGAACGAAGCGTTTAACCCAAACTCTGTTAAACAACTCCGTGTTCTTCTGTTTGATTATGTTGGCTTAACTCCAACAGGTAAATTGACGGATACTGGAGCAGACTCTACAGATGCAGAAGCTCTGAACGAATTGTCTACGCAGCATCCAATTGCTAAGACTCTACTAGAGATTCGTAAGCTGACTAAACTGATCTCTACTTACGTTGAGAAGATTCTTCTGAGCATTGATGCTGATGGTTGCATTCGTACTGGCTTCCACGAACACATGACTACTTCTGGTCGTCTGAGTTCTTCTGGTAAACTGAACCTGCAACAGTTACCTCGTGATGAATCTATTATCAAGGGTTGTGTAGTAGCTCCTCCTGGGTATCGTGTAATCGCATGGGACTTAACAACTGCGGAAGTTTATTATGCTGCTGTTCTATCTGGGGATAGAAATATGCAACAAGTATTTATCAACATGAGAAATGAACCAGATAAATACCCTGACTTCCACTCTAACATCGCACACACGGTATTTAAGCTCCAATGCGAACCTCGTGATGTTAAAAAGTTATTCCCAGCTCTGCGTCAAGCAGCTAAAGCAATCACCTTTGGTATTCTGTATGGTTCTGGCCCAGCTAAAGTAGCTCATTCTGTTAACGAAGCTCTTCTGGAACAGGCTGCTAAGACAGGCGAACCGTTTGTAGAGTGTACTGTTGCAGATGCTAAAGAGTACATTGAAACTTACTTCGGTCAGTTCCCGCAGCTTAAGCGTTGGATTGATAAGTGCCACGATCAGATCAAGAATCATGGATTTATCTATAGTCACTTTGGTCGTAAACGTCGTCTGCATAATATCCACTCCGAAGACCGTGGTGTTCAGGGTGAAGAAATCCGTTCTGGATTTAACGCAATCATTCAGTCTGCTTCTTCTGATAGCCTCCTTTTAGGTGCGGTAGATGCAGATGAAGAAATCCTGTCACTGGGTCTAGGAAAAGAGATGAAGATCGTCATGTTGGTTCACGACTCCGTGGTTGCCATTGTACGTGAAGATCTGATCGATCAGTATAACGAGATTCTGATTCGTAGCATCCAGAAGGATCGTGGTATTAGTATCCCTGGCTGCCCAATCGGTATTGATTCTGATTCTGAGAAAGGTGGTTCTCGTGACTACTCTTGTGGTAAGATGAAGAAACAGCACCCATCAATCGCTTGTATTGATGATGATGAGTATACTCGTTATGTTAAGGGTGTATTACTCGATGCAGATTTCGAGTATAAGAAGTTAGCTGCAATGGATAAAGAGCATCCAGACCACAGCAAGTACAAGGATGATAAGTTTATTGCTGTATGTAAAGATCTGGATAATGTGAAAAGGATTTTAGGTGCT
P19195,14399,14645,1,78,249,246,98.79518072,FALSE,swissprot,Y9KD_BPBF2,CDS,Protein predicted: Swiss-Prot protein existence level 4. From Escherichia phage Bf23 (Enterobacteria phage BF23).,ATGCAAAACGTTATTACCGCGCCGAAAGTAGGTCAATCTGTATTTATTCCTTTCGTTACTAAAACGGATGAATTAACTGGAAAAGCCGAACGTATTAAAGGTGCGGCGCTGGATCCTTTCGATAAAATCGAAGCGGTATACGCTGAAACGGAACGCAGTAACAACGGTAAGCCAATTTATAACGTTCGCGTTAAATCTGGCGACGTTGTAAAGATCATTCAGAAGGATGATAAATGGCAAGCCATA
P23541,14751,15165,1,84.8,405,414,97.77777778,FALSE,swissprot,A2,CDS,"A2_BPT5 - Also known as A2-3. Experimental evidence at protein level: Swiss-Prot protein existence level 1. Involved, together with A1 protein, in the second step transfer (SST) which allows the completion of viral DNA into the host cell. From Escherichia phage T5 (Enterobacteria phage T5).",ATGTCTAACGTTAAAACCGAAAAAACCGCAAAATTCTCTTGGAACGAAGAAAACACCGAAAAGGCTGTTTCTATGTATTCTGAAATGGTCGCTAAAAGCGGAATTGAATTTGCTAACAGTGACGGCTTGAAAGAAATCGCCGCCGCCGTTGGTGCTGCTAGTCCGGTGTCTGTACGTTCTAAATTGACCAGTGCAAAAGCCTACCAGAAAAGCGACAAGCCGCGTAAAGTTGGCGGCGGTAGCTCTGTCCGTAAAGCTCACTATGTGCGCGTCATTGCTAAACATGCCATTGATAGCGGCATTGTAAAAGACGCTGACGATCTGGCAAGCCTTGAAAGTGCTAAACTGGAAACGCTGGAAGCCGTAGCGCAATTGCTCGGCGTGGCTGAGGAAGTAAAACAGGCCGCAGGTGAA
33,15022,15103,1,100,71,81,85.91549296,FALSE,Rfam,tRNA,ncRNA,Accession: RF00005 - tRNA,GCGTTTATTCCGTAGATGGTAGCGGAGGGGATTGTAAATCCCTGGTCATTGCGACTCGAGTGGTTCGACTCCATTAACGCC
15,15115,15187,1,100,71,72,98.5915493,FALSE,Rfam,tRNA,ncRNA,Accession: RF00005 - tRNA,GCACCTATCGTCTATCGGTTAGGACATCAGGTTTTCAACCTGAGAAGCTCGGTTCGATTCCGTGTGGGTGTA
Q6QGE8,15184,15796,1,84.3,612,612,100,FALSE,swissprot,D16,CDS,DIT_BPT5 - Experimental evidence at protein level: Swiss-Prot protein existence level 1. Distal tail protein which forms a hexameric ring located at the tail tube end. From Escherichia phage T5 (Enterobacteria phage T5).,ATGAGACTACCAGACCCATACACGAACCCAGAGCTATCAGGGTTAGGTTTTGAAAGCGTTAACTTAGTAGACAATGACCCTATGATTCGTGATGAATTACCTAATGGTAAAGTTAGGGAGGTTAAGGTGTCTGCTCAATATTGGGGTATTAATATCTCTTATCCAGAATTATTCCCAGATGAATTTGCTAAATTAGACTCATTCATCCTAGATTATAAAAGAACAGGTAGCTATATTGATGTGTTATTACCACAATATGAGGCTTTCCGAGTTCGTGGTGATACTAGTGCTGTAAATATTCCTGCTGGACAAAAAGGTTCAACAGTTATTATGGACACTAAAGGTACACTTCGTGGACTGCCTAAACCAGGAGATTTATTTAAGTTGTCCAATCATCCAAAAGTGTATAAAATCACTTCTATCAACACAGCAGGAAATACTTGGAATATAAGTGTTTATCCTGATCTATTCATTACTACTACGGGTAGTGAGAAACCGGTATTTAATGGTATTCTATTTAGAACTAAATTAATGAATGGAGACAGCTTCGGCTCTACGTTAAATAGCAATGGTACATATACTGGTATTTCACTTTCCTTGAGGGAAAGTCTA
29,15198,15272,1,100,71,74,95.77464789,FALSE,Rfam,tRNA,ncRNA,Accession: RF00005 - tRNA,ATTCCTAGAGTGTTACTGGACAGCATGTCGGTCTCCAAAACCGTACGGTCTAGGTTCGAGTCCTAGTAGGTTTG
25,15281,15353,1,100,71,72,98.5915493,FALSE,Rfam,tRNA,ncRNA,Accession: RF00005 - tRNA,GCACCTTTAGCTGAGATGGATTAGCGCTTGCCTGAAGAGCTTGAGAGGTTCGTTCGATACGAACAGGGTGCA
Q6QGT3,15562,17224,1,89.9,1668,1662,99.64028777,FALSE,swissprot,A1,CDS,"A1_BPT5 - Experimental evidence at protein level: Swiss-Prot protein existence level 1. Involved in the degradation of host DNA and the shutoff of host genes and phage pre-early genes. Together with A2 protein, involved in the second step transfer (SST) of viral DNA into the host cell, which leads to the complete entry of viral DNA into the host cell. From Escherichia phage T5 (Enterobacteria phage T5).",ATGAATATTTCCGCAGAAAAACAAGCTCAAATTTTGAAAATGGCCGCAGATTTTAACTTCTACGGTAAGCGTTTACGCGCTACTAAATTGGAAGTTTGCGACGATATTTCAAAAGCTGTTTATGATACGCCGAAACATTCGACCGCAATTTGTGACTGGTTGGAAGCAAATAAGCCAGCGAAACCGAAAGCGGCAAAAGCTGAAAAGGCGATTAAAAATGATGATCGCCCCGAAGCGGCGGGGATTGTTTCTAGTACCGTCGAACAATGGGAAGTTAAATCCGGTCGCCGTTTTATTCTAACGTCGATTCAAAATAATACTTTCCCGCATAAAAACTTTTTAGCAAGTCTGGAAAAATTCGCTGAATATTGCGGCGCTGAATTGCTGATTAGTAAATTCATTTATAATAAAAATGGATTCCAGAACGGGGAAGGGGCAAACGGTATTAAATACGATCCCGCATTTGATAAATATGTTTGTGATAAAAACGTATTTTTAAATAACCGCCGCTTTGCTTTCATGGCTGAAATTAACGTATTACCAACGGCAGACTACCCGCTTTCAGGATTCGCAGAAACTGCCACCGCTTTAAATATTGAAGGTCTGGCAATTGGTCACGCAAAAATTACCGCTGAAAGTGTGCCAGCGTTAAAAGGTGAAGTAGTACGCCGTATGTACTCCACCGGAACGGCTACACTTAAAAACTATATTCAGCAGAAAGCAGGGCAAAAAGCTGAGGCGCTGCATAATTACGGCGCTTTGCTGGTAGAATTTGACGACGACGGCGAATTTTTTGTTCGCCAGCTTGAGACAATGGATGAAAGCGGGATGTTTTATGATTTGAATATTTGCGCTATACCAACCGGATGTTTCAAAACATCCGATCATGTTCTAGGCTTGCAATATGGCGATATTCACGCCGAAAAACTAGATGATGAATGCGCCGTTGCATCATGGGCTAGTGAAAACAGCTTGCTTGATATTCTCAAGCCTAAATATCAGTTTATTCATGATGTACATGATTTTACATCGCGTAACCATCATAATCGCGCCTCTGGTGTATTCCTTGCGAAACAATACGCCGCCGGACGTGATAAAGTTCTAGATGATCTAATTGATACGGGTCGCGTGTTAGAGTCTATGGAGCGTGATTTCTCGCAAACAATCATTGTGGAATCTAACCATGATTTAGCGCTTTCACGCTGGCTAGATGATCGTAACGCTAACATTAAGGACGATCCCGCAAACGCCGAACTATATCACCTTCTAAACGCTGCGATTTACGCCGCAATTGCAAAACAAGATGATACCTTTAACGTATTGGATTACGCGCTTAGAAACGTTGCAGGTTGCGAATTTAACGCTATTTTCCTGACGACAGACCAATCATTTAAAATCGCTGGCATTGAATGTGGCGTACATGGTCACAACGGCATTAACGGCAGTCGGGGCAACCCTAAGCAGTTTAAAAAGTTGGGACGCCTTAACACTGGTCACACTCACACGGCTAGTATTTACGGCGGCGTTTATACCGCTGGCGTTGCTGGTAGTCTCGATATGGGTTACAACGTGGGCGCGTCAAGCTGGACGCAAACGCATTTAATTACCTATGCAAACGGGCAACGTACTTTGATTGATTTCAAAAACGGTAAATTCTTTGCA
Q6QGE9,15795,18642,1,84.4,2847,2847,100,FALSE,swissprot,D16,CDS,BPPB3_BPT5 - Experimental evidence at transcript level: Swiss-Prot protein existence level 2. Probable baseplate hub protein. May also form a part of the central straight fiber at the tail tip. From Escherichia phage T5 (Enterobacteria phage T5).,ATGAAGAAAATTCTTGACAGTGCAAGAGAGTATTTAAGAACTAATAATAAAATAAAAACTGCATGCCTTATTACTCTTGAATTGCCAAGCTCTACTGGATCAAGTTCTGCCTACATATATCTTACAGATTATTTTAGAGATGTAAGATATAATGGTATTCTTTATACATCCGGTAAGGTTAAGTCTATAACAACACATAAACAAAATAGAGATCTTTCCATTGGTAGTCTTTCTTTTACTATCACAGGTACTGCTGAGGATGAAGTATTAAAACTAGTCCAAAATGGTGTATCATTCCTAGATAGATCCATCTCAATCCATCAAGCGGTTATTGATGGAGAAGGTAATATTCTTCCTGTAGATCCAGACACTAATGGTCCTCTACTTTATTTCCGCGGTAAAATAACTGGGGGTGGTATTAAGGATAACATTGGTACTTCTGGAGTTAGTACATCTATTATTACATGGAACTGTTCAAACCAATTCTATGACTTTGATAGAGTAAACGGACGTTTCACAGATGATGCTGACCATAGGGGACTTGAGATTGTTGCTGGCCAATTAGTTCCATCTAATGGTGCTAAGCGACCTGAATATCAAGAGGACTATGGATTCTTCCACGCTAACAAGAGTATTTCTATTCTTGCTAAATATCAGGTTCAGGAAGAGCGTTACAAGTTACAGTCTAAGAAAAAGTTATTTGGTCTTTCTAGAAGCTATAGCCTAAAGAAATACTATGAGACTGTGACTAAGGAAGTCGATCTTGATTTTAACTTAGCAGCTAAATTCCTACCAGTAGTGTATGGAGTTCAGAAAATTCCTGGAATCCCAGTATTCGCAGATACTGAACTGCATAACCCTAATATCGTATATGTAGTATACGCTTTCTGTGAGGGTGAGATTGATGGATTCCTAGATTTCTACTTTGGTGATGTACCAATGATCTGTATTGATCCTAATGATAGTAAGTCTCGTACTTGCTTTGGTACTAAGAAAGTAGCTGGTGATACCATGCAACGTATTGCTTCTGGTCAACCAAGCTCTGAACCTTCTGTTCATGGACAGGAATATAAGTATAATGATGGTAATGGCGATATCCGTATCTGGACTTATCATGGTAAAGCAGATCAATCTGCTGCTGATGTTCTAGTTAACATTGCAAAAGAGAAAGGTTTCTATCTACAGAACATGAATGAGAATGGACCGGAATACTGGGACTCTCGTTATAAACTGTTAGATACTGCTTATGCTATTGTTCGCTTTACTATTAATGAAAACAGAACAGAAATTCCAGAAGTTAGCGCTGAAGTTCAAGGTAAGAAGATTAAGATCTATCATTCAGATGGTAGAGTAACTGCTGATAAGACTAGCTTAAATGGTATCTGGCAAACTCTGGACTACCTAACCTCTGATCGCTATGGTGCTAATATCACTATTGATCAGTTCCCTCTCCAGCAACTTATTCAAGAAGCAGCTATTCTGGATATAATTGATGAATCCTATCAGGTTTCTTGGCAACCCTATTGGAGATACGTTGGATGGACTGATGCTGTAGGAGAGAATAGACAAATAGTTCAAATGAACACTATTCTCGATACCTCTGAGTCAGTATTTAAAAACGTGCAGGGATTAATAGAGTCTTATGGTGGTGCTATCAACAACTTATCTGGTCAATATAGAATAACTGTTGAGAAGTTCTCAAACACCCCATTAGAGATTGACTTCTTAGATACCTATGGTGATCTGGAATTGTCAGATACTACTGGTAGAAATAAATTCAACTCAGTACAAGCCTCTATACTAGATCCTGCATTAAGCTGGAAAACTAACTCCATTACATTCTTTAACTCTATATTTAAGGAACAAGATAAAGGGTTAGATAAAAAACTTCAACTTTCTTTTGCAAATATCACTAACTACTATACTGCGCGTAGCTTTGCAGATAGAGAACTGAAAAAGTCTCGCTACTCACGAACTCTCACATTCTCATTACCCTATCATTTCATAGGCATTGAGCCTAATGATCCGATTGCTTTTACATATGGTCGTTACGGTTGGGATAAGAAATACTTCCTAGTTGATGAAGTTGAAAACTCTAGAGAAGGTAAGATTAATATTACGCTGCAAGAGTATGGTGAGGATGTATTCATTAACTCCGAGCAGGTTGATAATAGCGGTAACGATATCCCTGATGTTAGTAATAACGTACTGCCTCCTAGAGACTTTATGTATACACCAACACCGGGTGGACAAGTAGGATCTATTGGTAAGAATGGTGAGCTATCTTGGCTTCCTAGCTTAACTAATAACGTTGTTTACTACTCTATCGTTCACTCTGGACATGCTGATCCTTACATCGTACAGCAATTAGAAACTAATCCAAATCTACGAATGATCCAAGAAATTATTGGAGAACCTGCTGGTTTAGCAGTCTTTGAGATTAGAGCTGTAGATATTAATGGTAGACGAAGTTCTCCTGTAACATTATCAGTAGAACTTAACTCTGCTAAAAACTTAAGCGTTGTTAGTAATTTCAGAGTTACTAATACAGCTTCAGGAGATGCATCGGAGTTTGTAGGACCAGACGTTAAGCTGGCCTGGGATAGAATTCCAGAAGAAGATATCATTGATGGGATCTTCTACACTCTCGAAATCTACGATAACCTAGATCGTTTATTAAGAAGTGTACGAATTGAAGATCAGTATGTCTACGATTATCTACTGATATACAATAAGGCAGACTACGCTCTTCATAACGAGGATGCTCTAGGTATTAACAGGAAGTTACGCTTCCGTATAAGAGCAGAAGGTGATAATGGCGAGCAATCTGTGGATTGGGCATCTATT
11,15971,16043,1,100,71,72,98.5915493,FALSE,Rfam,tRNA,ncRNA,Accession: RF00005 - tRNA,GCATCCTTGTCCGAGTGGCTTAGGTGACGGTCTGCAAAATCGTCTAGGTTGGTTCAATTCCAACAGGATGCT
35,16562,16637,1,100,71,75,94.36619718,FALSE,Rfam,tRNA,ncRNA,Accession: RF00005 - tRNA,GGTTCCTTAGCTCTAATTGGTTAGAGCGGCATCTTGTTAAGTTGAGGGTTGCTGGTTCGAATCCTACACGGCCCG
5,17503,17575,1,100,71,72,98.5915493,FALSE,Rfam,tRNA,ncRNA,Accession: RF00005 - tRNA,GGTACTATAGTCTAACGGTTAGGATACTCCCCTGTCACGGGAGAGGTAGGGTTTCGATTACCCTTAGTACCG
3,17584,17658,1,100,71,74,95.77464789,FALSE,Rfam,tRNA,ncRNA,Accession: RF00005 - tRNA,GCATCTGTAGCTTAGTTGACCAAAGCAACCGACTCTTAATCGGAAGATCCTGAGTTTGAATCTCAGCAGATGTA
23,17798,17869,1,100,71,71,100,FALSE,Rfam,tRNA,ncRNA,Accession: RF00005 - tRNA,GCGTTCGTAGTTAAAAGGTATAATTTTTGGTTGCCAACCAGAAGTTGAGGGTTCGATTCCCTGAGGATGCA
Q38167,18056,18788,1,90.6,732,732,100,FALSE,swissprot,dmp,CDS,"DMP_BPT5 - Experimental evidence at protein level: Swiss-Prot protein existence level 1. Following host DNA degradation, is responsible for the degradation of 5'-dNMP's to deoxynucleosides that can be further excreted (PubMed:335083). Active on deoxynucleoside 5'-monophosphates but not active as a phosphatase on ribonucleotides, deoxynucleoside 5'- triphosphates, deoxynucleoside 3'-monophosphates, or deoxyoligonucleotides (PubMed:21305). From Escherichia phage T5 (Enterobacteria phage T5).",ATGAATCAAGTCAACATGAATATTACCCGCACTTTCCCGCATATTTCCCGCGTTATGATTTGGGATTTAGACGGAACGATTATAAATTCTTTCCATCGTGTAGCGCCTTGCTTTGATGATAACGGGAATTTAGATTTAAATAAGTATTCCCGCGAAGCCTGCAAACATGATTTAATTATGCAAGATTCTTTATTGCCGTTGGTTGAATATATGCGCCAATGTATGAATGATGCAAATACATTAAATATAATTTGTACCGCGCGCTTAATGTCTAAAAGCGATTATTTTTATTTACGCAAACAAGGCTTGCGAGGGCGCGGAAATAGTAATATTCGCGTATTTTCCCGCGATACATTACATAAATACTTTGATGCAAATAAGGTTAGCGAAATATATCACAGCAAAGACGCTGTATATAAATCTTATTACTTTGAACTGTTTAAACAGCTATATCCTAACGCTGATTTTACAATGATTGATGATCATAAAGGTGTATTATCAGCGGCGGCAAGTGCTGGATTTAAAACGCTGGACGCTCAAGCCGTTAACGATATCCTATCAATCGGCGTAACATTGATCGGTGAAACCTTTATTGATGAATCGCTTGATGATGATAACGATTATCAATTCCTAGCCGAACGTTTAAAAATGTGTTGGGAAGGTATGACCGAGGAAGAACGCGCGGAATATAGTACCACTCCGCAACAATTCATTGATAAATTAAAAGTTGCC
7,18105,18178,1,100,71,73,97.18309859,FALSE,Rfam,tRNA,ncRNA,Accession: RF00005 - tRNA,TGGAGTGTAGCTCAACTGGCAGAGCGACGGTTTCTGACACCGTAGGTTTCTAGTTCGATCCTAGACATTCCAG
9,18187,18262,1,100,71,75,94.36619718,FALSE,Rfam,tRNA,ncRNA,Accession: RF00005 - tRNA,TGGGGATTAGCTTAGCTTGGCCTAAAGCTTCGGCCTTTGAAGTCGAGATCATTGGTTCAAATCCAATATCCCCTG
Q6QGF0,18645,20700,1,76.2,2064,2055,99.56395349,FALSE,swissprot,D17,CDS,FIBC_BPT5 - Experimental evidence at transcript level: Swiss-Prot protein existence level 2. Probable central straight fiber at the tail tip. From Escherichia phage T5 (Enterobacteria phage T5).,ATGATTTCGAATAATGCACCAGCCAAGATGGTCTTAAATAGTATTATGACTGGGTATACGATGGCGTATATCCAGCATTCTATCTATACCGACTACGATGTTATCGGTAGATCATTCTGGCTTAAACTTGGCGAAGAAGTGGATAGAAGAGATTTCACTGGAATCGACACTTTCTTTGTTATGATCAATAATTTAACTCCCTCAACTATTTATCAGGTTCAGGGAGCTTTTTATGATTCAATTATTGACTCAGAACTTTTAAATGCAAAAATTGGTATCAACCTCTCTAATGAAACTAACTTTAAAACAAAAGAGAAGCCAATAATTGTTGCAGCAAGATCTGAGTCAGAACCTGTGGATGTTGGGGTGGGCGCACCAATAGTTGTTGTGGAAACAACTGGTGAAGCAAGCTACTGTACTATTGAGTTAAAAAGTACAGCCACTGAAGACAGTCCATGGACTAAATATTATATCGGGGCTTTAGGTTCTACTATTAAATTTGGCGGAGTTCCTATCGGAGATTATAAGATCAGAATATCTGGTCAAGTAACTATGCCTGATGGTGTTACAGTTGATTCTTCTGGTTACTATGAGTTCCCTAATATTCTAACTGTAGCTTATAATTTTGTTCCTCCTACTGCACCTATCGATATTGTTTTTAAAGCTGCACGAATTGCTGATGGTAAAGAACGATATGATGTTAGAATTGAGTGGGATTGGGAACGCGGTGCTGGTGCTAACGTTCGTGAGTTCTTGGTTACTTATATAAATTCCGAGGAATACGCTAAGACTGGCTGGGCTAAAGCTCAAAAGATAAACGTGGGTGCTGCTAGAGCTGCAACAATTATATCATTCCCATGGAGAGTTGAACATACGTTTAAGGTATCATCAATTGCCTGGGGACCAAATAAACAAGATATAACCGAGTCAGCTCCTGTAACATTTATTCTGAATGAAGATACTCCTCTAGATAATAGTTTTGTCAATGAGACGGGTATTGATGTTAACTATGCCTTTATTAAAGGCAGCATGAAAGATGGGGAAATCTGGAGACAAACATTCCTAATTGATGCAGCTACTGGTGCTATTAACATTGGTCTGCTCGATGAAGAAGGTAAAGCACCTATTTCTTTCGACCCTATAAACCGTGTTGTTAACGTTGATGGTAAAGTAATTACTAGAGATATTAATGCTGCGAACTTTATCATGACTAACTTGTCTGGTAAAGATAACCCAGCAATTTATACTCAGGGTAAATCCTGGGGGGATAATAACTCTGGTATTTGGATGGGTATGGATAATACCTCTGCCAAAGCTAAATTAGACATTGGTAATGCTACACAATGGATACGTTATGATGGCACTACTCTGCGCATCTCTAGTGGTGTAGTAATTGGAACGCCAAATGGTGACGTAGATATTGGAACTGGTTTACAAGGTAAGCAAACAGTATTTGTTTATAAGTTAGCAACATCTTTACCGGCCAAACCGCTAGAGCAAGATTATCCGCCTCCTGGTTGGTCAAAAACTCCACCTAACCGTACAGATATGACACAAAATATCTATGCGACTACAGGTACACTTGATCCAGTTACTAACAAACTTCTTGAAGGTACTAGCTGGTCTGATGTAGTTCAGTGGAGCGGTACTGAAGGTACTATAGGACATGATGGACAGCGTGGACCGGGGATGTACTCCATGGGTATTCCTGGGTTAGGTGGTTGGGATGATGGACAAGCTAACGCATTCTTCCAAAATAACTTTGGAAAACCTCCGGTTAAGTATGATGTTCTAACACAATTTAACAGTAATGCTCCGCAAACAGCATTTACCCGTCAATGGAATGGAGTTGGATGGATTAACCCTGCAATGGTTCTTCATGGCAATATGATTGTTAATGGAACGGTTACTGCGGATAAGATTGTGGCAGGAAATGCCTTCTTATCACAAATCGGTGTTAATATAATCTACGATAGAAATGCTGCGTTATCAGGGAACCCTGAAGCATACTACAAGATGAAGATAGACCTAAATAGTGGGTATATCCATATAAGG
21,18755,18827,1,100,71,72,98.5915493,FALSE,Rfam,tRNA,ncRNA,Accession: RF00005 - tRNA,GCTCCTAAAGCATTGCTGGCGATGCAGTTGCCTTGTAAGCATCTGAACCGGGTTCGATTCCTGGTGGGAGCA
13,19199,19272,1,100,71,73,97.18309859,FALSE,Rfam,tRNA,ncRNA,Accession: RF00005 - tRNA,GCTCTGATAGTTCAACAGGTTAGAACAGGCGACCGATAATCGTCAAATCTTGGTTCGATCCCAAGTCGGAGTA
17,19281,19354,1,100,71,73,97.18309859,FALSE,Rfam,tRNA,ncRNA,Accession: RF00005 - tRNA,AGTTAGTTGGCAGAGTGGTTATGCACCTCCTTCATACGGAGCGACTACAGTGGTTCAACTCCACTACTAACTA
P68066,19691,19907,1,74.3,381,216,56.69291339,TRUE,swissprot,grcA,CDS,GRCA_ECOLI - Also known as yfiD. Experimental evidence at protein level: Swiss-Prot protein existence level 1. Acts as a radical domain for damaged PFL and possibly other radical proteins. From Escherichia coli (strain K12).,TTCCGCATTGTAGATGTAGAAGTGGTTCCTCAAGTCGAGGGTGGTCAGCACCTAAATGTCAATGTGTTAAGCCGTGATCAGCTTTTGGATGCACAGAAACATCCTGAAAAATATCCTCAGTTGACCATCCGTGTCTCTGGCTATGCTGTTCGATTTAACGCATTGACGCGTGAACAACAGAACGACGTTATTAGTCGTACATTTACTCAGGCGATA
Q6QGG9,19889,20654,-1,99.6,765,765,100,FALSE,swissprot,D5,CDS,D5_BPT5 - Experimental evidence at protein level: Swiss-Prot protein existence level 1. Putative transcription factor required for the expression of viral late genes. From Escherichia phage T5 (Enterobacteria phage T5).,ATGTCTAAACTGAACTGGAACGTAGAAGGTGTAACCGAGTCTCTGAAAGCAAAAGCCACTGCTCTGGGTGTTTCTGTAATCTCTCAAGAACAAGTAGCTGCTATCGCTGCTGAACTGGCTGCTGAAACTGGCAAAGATGTTACTGCTCGCTCTGTTGGCTCTAAACTGCGTAAAGAAGGTTTTGAAGTACAGAAAGCTAACGAAGTACAGAAATCCCCGTGGACTCCTGAGCAGGAAGCTGAACTGGTTGATTTCCTGAACGCTCATGCTGGTCAGTATACCTATGCTGAAATCGCTGCTGCTGTAGCTGGTGGTCAGTTCGGTGCTAAGCAGGTACAGGGTAAGATCCTGAGTCTGGAAATGACCGCTTCTGTTAAACCAACTGAAAAAGCTGCTGCTGTTCGTTCCTTTACTCCGGATGAAGAAACTGATTTTGTTAATCAGGTTGTTGCTGGTGCTACTATTGAAGCTATCGCTGCTCACTTCGGTCGCAATATTAAGCAGATCCGTGGTAAAGCTCTGAGCCTGCTTCGTGAAGGTCGTATTGCTGCTATGCCGGTACAGGAAACTTCAAGTGCTAAAACTCGTGAAGATCTGTTAGAAGGTCTGGATCTGGTTAACATGACTGTTGCTGAGATCGCTGAGAAAACCGGTAAGTCTGAGCGTGGTGTTAAATCTATGCTGTCTCGTCGTGGTCTGGTTGCTAAGGACTATGATGGTGCCGCTAAGCGTGCTAAACTGGATGCAAAAGCTGCGGCTGCTGAA
Q7Y5D9,20708,20939,1,71.4,420,231,55,TRUE,swissprot,FIBL2_BPT5,CDS,Experimental evidence at transcript level: Swiss-Prot protein existence level 2. Assembles together with pb1 to form the three L-shaped long tail fibers and probably the collar structure at the junction between the tail tube and the conical tail tip. Each fiber consists of a thin proximal rod of about 30 nm connected by a hinge to a thicker distal part of about 47 nm. From Escherichia phage T5 (Enterobacteria phage T5).,ATGAGTACAGAAAACCGAGTTATTGATATTGTTGTTGATGAGAAAGTACCTTATGGTCTTATCATGCAGTTTATGGATGTTGATGACAGTGTATATCCACCAACAGAAGTTCCTGTTAACTTAACCGGATATTCACTCCGAGGAACTATTAAATCTAGTTTAGATGAGAACGCCGAGGTTCTAGCTAACTTTAAAACTCGTGTTATTGATGCTGCTCAAGGTGCTGCTGCA
P23208,22562,23042,1,95,480,480,100,FALSE,swissprot,TERS_BPT5,CDS,"Experimental evidence at transcript level: Swiss-Prot protein existence level 2. The terminase small subunit binds to the packaging initiation site and regulates the ATPase activity of the terminase large subunit. The terminase lies at a unique vertex of the procapsid and is composed of two subunits, a small terminase subunit involved in viral DNA recognition (packaging sequence), and a large terminase subunit possessing endonucleolytic and ATPase activities. Both terminase subunits heterooligomerize and are docked on the portal protein to form the packaging machine. The terminase large subunit exhibits endonuclease activity and cleaves the viral genome concatemer at the long non-permuted direct terminal repeats. Once the capsid is packaged with the DNA, the terminase complex is substituted by neck proteins. From Escherichia phage T5 (Enterobacteria phage T5).",ATGGCAAATGATGTATTAGTTCCCGATCTCATGTCTCCTGAGGGCATGGATGTTATTGAAGCCTATTTACAGTGCGGTAGTGATGTTCCTGCCGCCGCTCGTAGTCTTGGAATGTCCGAGATTGCATTTCGTGATATAATGAATCGTGGGGAAGTTAAAAACTATCTCAACGATATCTTTATGGAAAGTGGCTTCCGTAATCGTGACCGTTTATTCGGAGTTCTTGATGAAGTTATCAAGCGTAAACTAGAGGAACTAGAAGAAACTGGCATGGGATCTGACCAGGATATTATGGATATTCTCTGGAAAGCACACAAGATGAAGATGGAAGAAATGAAAATGATGGTAGAACTGGAGAAAGTGAAGGCAGCAGCCCGTACTCCGGCTAACCAGACTAATATTCAGAATAATATTATTGCTGGAAGTGGTGACGAAAACTATATGAATCTTATTACCGCTCTAGCAGGAGGAGGTAAGAGA
T5_promoter,25078,25097,-1,100,45,19,42.22222222,TRUE,snapgene,T5 promoter,promoter,"bacteriophage T5 promoter for E. coli RNA polymerase, with embedded lac operator",TCATAAAAAATTTATTTGC
Q6QGP4,25106,25856,1,81.3,750,750,100,FALSE,swissprot,dnk,CDS,DNMK_BPT5 - Experimental evidence at protein level: Swiss-Prot protein existence level 1. Allows the synthesis of deoxyribonucleoside triphosphates necessary for the rapid viral DNA replication (PubMed:14711503). Phosphorylates all four dNMPs (PubMed:5846986). From Escherichia phage T5 (Enterobacteria phage T5).,ATGTCAGTATTAGTCGGTTTACATGGTGAGGCTGGTACGGGAAAAGATACCGTTGCAGAATTAATGATTGACTGGTGTAATGACACGTTCCCAACGTGTTTATCCCGTCGTTACAGTTTTGCTAAACCCGTTTACGAACTTGCATCCGTAATCCTCGGGGTAACTCCAGAGTTTCTGGGAGAGCGCAGGGGAAAGGAGATTGACCAATGGTTTACGGTCACACAATCTCAGCTAGAGCGAGCTAGAGACGTATGGTTTAAGTATGGTATCGATAAGTTTGAGGACTTCTCGTACGTTTGGCCTATTTTTGAAGGAAAATACCTTGATCCTCAGCAGTTAATTGGGCAAGCTGATGATGCGCTGTATAGCGTATTTATCTCCCCAAGAAAAATGCTACAGCTTGTAGGTACTGAGTTAGGAAGGCAGCTGGTGCATGAACGCATTTGGCTCATAATTCTGGAGCAATCCATCGATAAAGACGACCCAGACGTCGCAATCGTTACCGATGTGCGTTTTCCAAATGAGGGAGAGCTAATCATGGAATCCAATACTCTAGATATGGATTCCATACTTATTAAGGTTGAATCTGGTATTACTAATAAGTATCGCATCGAGACAGATCATCCGTCTGAAAGCGGTATTCCTGAAAAATACATTTCTCATAAATTTGAGAATACCTTCAACGGACTTGATGCACTTCGTACCGATGTGTACCACTTCTGTGACTTAGAGCTAGAACCACTAGTTGGA
Q6QGH9,25323,28098,-1,92.4,2784,2775,99.67672414,FALSE,swissprot,obp,CDS,"OBP_BPT5 - Also known as D2. Experimental evidence at protein level: Swiss-Prot protein existence level 1. Displays bipolar ssDNA and dsDNA unwinding activities that require the same core catalytic residues for unwinding in either direction, the 3'-5' direction being more robust. From Escherichia phage T5 (Enterobacteria phage T5).",GTGTTCTCAATCCTACAAGGTCATGCAGGATTTCATCGCGATTTAGCCACAGGCAATTGGCGAGAAGTTAAAGCAGAAGACTATCTTTTTGCTAAAAGATTTTCCTCAAAGCATCCTGAAGGTAAACCAGCTTCAATGCCCTTCAAGTTTGATGTAATTGATGAAGTTGATCCTCAAACCCTAGTAGAAATGCTCCCTCTTATGAGACGTTTAACGTCTGACCCTCATATCGTTGCGGTACGAGGTCGATGTCTTGCACCTAAAAATAATGTGCGGCGTAAGAAGGGCAACTTTAATGTATCTAACCCAAGTCATATAATTGCAATGGATGTGGATGGTATTGTAGATACAGGTGGTTGTAACAAGTTTGATCTTGTTGGCATGGCTCAGCATATTATTAGAATGTTAAATAGTATTAGTGAGGATATGTTTCCTCTTGATGCAGGGTTTATTGCTCATGCATCGTCTTCGGCTGGGCTAAAACCAGGTATCCGAATGCACTTAATACTAGAATCTAATGTTAAAGTAACTCAGGGTCAAATCAAATTCTTATTTACATCTATCAACGAAAGTAGTAGACAAAAGTATGGCTTTGATATTGCCGACTTAGCTTATTACTCTTCCGTACAGCTCCATTATTTTGCAGATCCGTTATTTACCGATGGTATAGTAGATCCGTTTAAAGCGGAGGGTGCTTCACGTCTGGTATTTGTTAAGGGTTCTAAAGTAAATTTACCCAATAATCTGGTTGACTATGAAACAACTAGAGGTGAGTTTAAAGAAGAGTTCTACTCTTTACTCGACCAAATTAAGGGTAAAAAAGCTGCCTCCGATAAAGTAGAAGAAACTATCAGCGAACTAGAAGAAGCTGAGGATGGAGTGTATCTACGTATTATTCCTAAACTCTATCACAGGGCTTTGGAGGATGGCGTTGATTTTGCATGGCTAGAAAAAGAAATCCGTCCAGCCTTATCAGAATATATTGCAACTAAAGATAATAGTCGCAATATTCAAGATTACTTTAATAACGGTCGTAAACAGGCTCTGAAAGCGTTTGTTAATAATTCTAAACGCGATATACCTGATGTTTTAAAAGGTATTCCACTTAAAAAGCTAGAAACTAATTCTCTAGAAACTGATAACTTCTTGAAATTAAATACTGTACCACCAGAAGGTTATATGACTTTTGTAAAAGCAAGTCTAGGTACAGGTAAAACCACGGCGGTTGTGCGTTGGTTAGACTCAGGAGTTATTAAAGGTAATTTCTTAGCAATTACCAATACTCGAGCACTGGTATCTTCAAATGCTAAGAAATTTAGTGCAGGACAATATGATAAGTCTGTAGATATGCTTAATTTTAAGCGTGGTGCTATTGACCGTATGTCCACAACTATTCACTCTTTGCATAAGTTCAAGAGTTTTATTGGTCAAATCGATGCAATCTTTATCGATGAATGTGATGCTGTAATGAATGACCTATTATTCGCCCCGGTTGTTAAACAACGTCGTGAATGTATTCAGGTTCTTCGGGACATTCTTGCAACTGCAAAAATCATTATATTATCTGATGGTGATATTAGTGCTGAAACAATTGAAGCATACGGTTCTTTGATTGAGTTTGATAAACCGGTTGCATTTTATAATCATCACCGTAAAATGCTGTCAAAAGCTCATGCTTACGAGTTCCCTGACGAATCCAGTATTTGGGTTGCACTTCAGACTTCTCTAGAGATGGGTGAGAAATCTATCCTAGTATCTGACTGTGGTCCAGATGAACTGAATGAGAAGGGCATGGCACTGCGTCGTAATACGGGTGCGTTAGTTAAGGAAATCCACTCAAACTCTACGTCTGATGTGGATATTAGACGTATTCTGGATTACACAACTAATGAGCTAATTGATCAACAAATTGATTGCTTATTATGTAGCCCATCCGTAACGAGTGGCGTTGACTTCAACTATTTTGATAACGTATTCGTTATTACTAGAACCTCAAACCAGGCGCCAAACATGCGTTTCCAAGCAATCAGGCGCGACCGTGGTGCTCAGAATATCTATTATTTTATTGATAAATCCACTAGTGGGTTCTCCGCAGGTTCTGAACAATATAATATTGATGAAGGTTGGCTGGAGTTAGCACAGCAATTATACGCACGTCGCAGGGAGCTGGAATCTAGGAACTATACTAGTACTTTACGTTATTACTTGCTTGATCAGGGTGCAACTATTGATATTTTCAGCGAAAGCTGGGGAACTATTGAAGGTGCTGGTAAAGAGTACACAGAAGAGCGAATTAAAGCTATTCTACATTCAACTCCGGATTATTGTGCTCCACGTCATGCGGATGCGTATGAAGCTAAACTACTTCTTGTTCGTTATTATCATCTTGAGTCTATTAAAGATGTAACAGTTGAGCATGTTGAACAGTATATTAAGGATAAACCGAATGATCGAGCTGCATTCTTCCATAAAATGCACGAGATGTTCTGGGAAGATATTAAGAAGTGTTCAAATGTCACTATCAAACCATTCATAGAAGCTCTGAAAGGTAAGAAGAAAGATTTCTTCCTTAAAACAGGTCAAAGTGCTAACCCAAAATATGCCAGAATGTATCTTGGTATGATGGGTATTGGTAGGGATATGAACACGGAGAATATTGTAGACTGGTACAGAACCTATTGTAAAATCGAGTGTATGCCAACCCCTTATAAGTTCATGACTGATGAGGAAAAACATATGCACGATGAAGCAATGTCAGAGCTAGGTGCTAGAAAT
Q6R6U4,26624,27281,1,91.8,681,657,96.47577093,FALSE,swissprot,C1,CDS,HOLIN_BPT5 - Experimental evidence at transcript level: Swiss-Prot protein existence level 2. Accumulates harmlessly in the cytoplasmic membrane until it reaches a critical concentration that triggers the formation of micron- scale pores (holes) causing host cell membrane disruption and endolysin escape into the periplasmic space. Determines the precise timing of host cell lysis. Participates with the endolysin and spanin proteins in the sequential events which lead to the programmed host cell lysis releasing the mature viral particles from the host cell. From Escherichia phage T5 (Enterobacteria phage T5).,CAAGTGGAAAAGTTTATACAACTATTAACGATACTGCTACAAGAAGCGAAAGATCCAGCTTCGCTACTAAAACGTCTGCTAACTATCTTAGTTGCTGTCATTATTTTCTTGTTTGTAAGTAACACTAGCGAGGTGATGTCATTTTTAAAGACTTTCTCCACGTCTTCGGTTTTACAGGATGTTCAAACCCAAAGGATAGATAACTTTCCTAATGTAGCACGAGAAAAGAGTATGGTTCTTTTCTCCCAGACTGGTGCGGATGCTGTTTTTGTAGTAAAGTATAAACCAGATGCTATAAATGATTATTCAAACATTATTGCATGGGAAAGCAATGCGCAATTGGATAGGGCTGACTTGGCCGATAAAGCAGTAAATAAGACGTCTGAACTTTATAGACGTCACCTGGAAGGCTTTAACTACGCTGCGGATTTAAGTGTAAAAGTAAATAAATATACTGGATCAAATATACCAGCATTTAAGAACATTACTTTTAATTACGTCTACACTTGTCCATATTTCAACCTAAATAATATCTATGCTGGATACATAGGTATTGCATGGAAGGATAAACCCGTAGATACAGCTGATTCGGAACAATTTAATGAGTACTTAGCAAAGCTCTGTTCCCCACAACGGAGATCATTAGGTAGATCTATA
Q6QGP7,27280,27691,1,96.4,411,411,100,FALSE,swissprot,lys,CDS,"ENLYS_BPT5 - Experimental evidence at protein level: Swiss-Prot protein existence level 1. Endolysin with L-alanyl-D-glutamate peptidase activity that degrades host peptidoglycans and participates with the holin in the sequential events which lead to the programmed host cell lysis releasing the mature viral particles. Once the holin has permeabilized the host cell membrane, the endolysin can reach the periplasm and break down the peptidoglycan layer by hydrolyzing the link between L-alanine and D-glutamate residues. From Escherichia phage T5 (Enterobacteria phage T5).",ATGAGTTTTAAATTTGGTAAAAATAGCGAAAAACAATTAGCAACTGTTAAGCCCGAGCTACAAAAGGTAGCTCGTAGGGCTTTAGAACTATCCCCATACGATTTCACAATCGTACAGGGTATTCGTACAGTAGCACAAAGTGCCCAAAATATTGCTAATGGTACTTCATTCTTGAAAGACCCTAGCAAGAGTAAGCATGTAACTGGAGACGCTATCGATTTTGCACCATATATTAATGGAAAGATTGATTGGAAAGATCTGGAAGCATTTTGGGCTGTTAAGAAGGCTTTTGAACAAGCCGGTAAGGAACTTGGTGTCAAACTTCGTTTTGGTGCCGACTGGAATAGTTCTGGTGATTATCATGATGAGATCGATCGTGGTACTTACGACGGTGGTCACGTAGAATTAGTC
Q8ZNY9,29499,29685,1,50,648,186,28.7037037,TRUE,swissprot,pphA,CDS,"PRP1_SALTY - Also known as prpA. Experimental evidence at protein level: Swiss-Prot protein existence level 1. Can hydrolyze phosphorylated Ser-, Thr- or Tyr-substrates in vitro. The natural substrate is unknown. From Salmonella typhimurium (strain LT2 / SGSC1412 / ATCC 700720).",GTAGGAGATATTCACGGCTGTAATGATATGCTGGAAGATGCTCTTAAACTAGCAGGATATAAAGAAAAGCGTGACTATGTTGTCTGTGTTGGCGACTTAATTGACCGTGGCCCGCAGAACTTACAGGTTCTAGCCAAATTCTTATATAACCCACGCTTCCGCAGCGTTCGTGGCAACCATGATCAG
P28903,31660,33430,-1,54.2,2136,1770,82.86516854,TRUE,swissprot,nrdD,CDS,"NRDD_ECOLI - Experimental evidence at protein level: Swiss-Prot protein existence level 1. Catalyzes the conversion of ribonucleotides into deoxyribonucleotides, which are required for DNA synthesis and repair. From Escherichia coli (strain K12).",TCTACCCTAAAACATAATAATGCTAATAAGCCCTCTGAGCGTTTTCCTACTCAGCGGGATATGATTGCAGGTGAACTAAGTAAATTTTTAACCTTGCAAGAAATGCCTATACAGATCAGGACAGCACACTCAATCGGAGATATTCATTTCCATGACTTGGATTATTCCCTTTTGGGCATGACTAACTGTTGCCTAGTAGCCCTAGAAGATATGTTGAAAAACGGTATGAAAGTTGGTAATGCTGAAATTAGCACTCCAAACTCTATCACTACTGCGGCGGCTATTACTGCTCAGATTATCACTCAGGTTAGCTCCCATCAGTATGGTGGTACTTCTGTAGATCGCCTTGATGAAGTATTAGCCCCTTATGTTCGTAAATCCTATGACAAAAATCATGCGTTTGCAAAACGTTGGACTAAGGATGAAGCCAAAGCATCCGTAATGGCTACGGAGATGACTGAAAAAGAAGTCTATGATGCTTGTCAGGGTTTAGAATATGAAATCAATACCATGTTCAACTCTAATGGTCAGAGTCCATTTATTACCTTTGGTTTTGGTCTAGGAACTTCCTGGGAAGCACGTCTAGTACAGAAAGCAATACTGAAAGTACGCATGGATGGTTTAGGTATCAATAAACGTACAGCTATCTTCCCGAAACTGGTATTTGTTCTGCGTGATGGCGTAAATATGAAACCAGGGGATGTTAATTATGACATCAAGAAGTTAGCTATGAAATGTACTGCTGAACGTATGTATCCAGATTATATCAGCTATGATAAGGTTGTAGAAGTTACTGGAGACTATAAAGTTTCTATGGGCTGTCGTTCATTCCTAGCTGCTACAGAAGATGGTGAAACTGCCGGTCGTAATAACTTAGGTGTTGTTTCTGTAAACTTGCCTAGAATTGCTATCGAAGCTGAAGGAAATATTGACCTATTCTTTGATTTGCTTGAGCTACGTGTGGATACAGCGTTAAAAGCATTGGAGTGGAGAGTTGATCGCTTAAAATACATTCAAGCTAAAGCTGCGCCCATCCTCTATATGTCAGGAGCCTTTGGACTGCGCTTGGAGCCTGATGAATATGTATTCGATAATTTCTATAACCGTGCTTCTGTATCTCTAGGGTATATTGGTTGCCATGAAATGCTACAGTTCATGTTTGGCAAAGATGTAGACACAATGTCCGAGACCTGCATCAAGTTTGTTCAGCGTGTATTGCAGTACATGCGGGATAGAGTCGATCAGAAGAAGGAAGAGACTAAGCTAGGTTATAGCCTGTATGCTACACCGTCAGAGTCCCTATGTGATCGTTTTTGTCGTCTAGACCGTGAATATTTCCCGGAGCATGAAGATATTCTGTCCAAAGGATACTACACTAACTCTCACCACCTTGATGTAGAACGTAAAGTTGCTCCCAATGTGAAATTTGATTATGAATCTAACTTTACTCCTATTGCTTCTGGTGGGTGTATTTCCTATGTAGAACTACCAGATATGAAACGATTCCCAGATGCACTGGAATGGGTTATTAATTATGCTGCTAGTAAAGTTCATTACTTCGGTATTAATACTCCAGTGGATTCTTGTGGTAAATGTGGATTCTTAGGTGAAACAATAGCATCCGAAGATGGATTTAAGTGCCCTATCTGTGGTAATCATGACCCCGAAACTCTTGAAGTAACTCGTAGAGTTTGTGGGTATCTTGGAAATCCAGGTGCTCGTCCATTTAACCCCGGCAAACAGCACGAGGTGATGGGCAGGGTTAAGCAT
Q7Y5D9,36659,188,1,74.6,420,189,45,TRUE,swissprot,FIBL2_BPT5,CDS,Experimental evidence at transcript level: Swiss-Prot protein existence level 2. Assembles together with pb1 to form the three L-shaped long tail fibers and probably the collar structure at the junction between the tail tube and the conical tail tip. Each fiber consists of a thin proximal rod of about 30 nm connected by a hinge to a thicker distal part of about 47 nm. From Escherichia phage T5 (Enterobacteria phage T5).,ATTAGTCTTTCCGTTGCAGACGTTACTAATATTGGTGAAAAAGCATCTAAAGAACGTGATAAGTATAACCCAAGACAACGTTTTGCTGGTTATTATGATATCCTAATGACTCGTGATGTAATTGGCTCTGAAGTCAGTTCTTTCCGTATTATGGAAGGTAAAGTATACATCAGCGATGGAGTAACTCAA